Export_ID,Flower_Type,Variety,Export_Date,Country_Origin,Destination_Country,Quantity_Tons,Unit_Price_USD,"Total_Value(
16 / 5,000
thousands of dollars)",Shipment_Method,Transport_Company,Transit_Days,Packaging_Type,Temperature_Celsius,Humidity_Percent,Quality_Grade,US_Destination_City
EXP0001,Alstroemeria,White,11/27/2024,Colombia,USA,4686,4.1,19212.6,Air,UPS,6,Plastic Wrap,4.1,55.2,C,"Miami, FL"
EXP0002,Carnation,Yellow,10/20/2024,Colombia,USA,930,0.76,706.8,Sea,UPS,3,Crate,2,53.7,A,"Miami, FL"
EXP0003,Chrysanthemum,Orange,4/18/2024,Colombia,USA,2007,3,6021,Sea,DHL,4,Box,5.6,61.4,B,"Chicago, IL"
EXP0004,Tulip,White,9/8/2024,Colombia,USA,3525,1.98,6979.5,Air,Local Exporter,10,Crate,4.7,60.9,B,"Miami, FL"
EXP0005,Chrysanthemum,Pink,1/18/2024,Colombia,USA,4091,4.97,20332.27,Sea,UPS,6,Plastic Wrap,7.7,81.5,A,"Chicago, IL"
EXP0006,Alstroemeria,Pink,1/23/2024,Colombia,USA,2282,0.86,1962.52,Sea,FedEx,10,Plastic Wrap,7.6,76.8,A,"Miami, FL"
EXP0007,Alstroemeria,Pink,2/6/2024,Colombia,USA,3658,4.02,14705.16,Air,DHL,6,Box,4.4,77.7,B,"Miami, FL"
EXP0008,Rose,Red,8/22/2024,Colombia,USA,3563,0.64,2280.32,Sea,UPS,2,Crate,3.2,75.4,B,"New York, NY"
EXP0009,Rose,Pink,8/17/2024,Colombia,USA,1464,4.11,6017.04,Air,DHL,5,Plastic Wrap,3,89.3,C,"New York, NY"
EXP0010,Tulip,Yellow,7/25/2024,Colombia,USA,4668,4.69,21892.92,Air,UPS,7,Box,7.6,53.4,A,"Dallas, TX"
EXP0011,Carnation,Orange,3/16/2024,Colombia,USA,4609,3.45,15901.05,Sea,Local Exporter,2,Box,2.3,73.5,B,"New York, NY"
EXP0012,Alstroemeria,Orange,6/6/2024,Colombia,USA,2548,1.49,3796.52,Air,UPS,3,Crate,2.2,65.3,B,"Chicago, IL"
EXP0013,Rose,Red,1/17/2024,Colombia,USA,2551,4.2,10714.2,Sea,UPS,8,Box,4,73.2,A,"Miami, FL"
EXP0014,Carnation,Orange,6/20/2024,Colombia,USA,2079,2.82,5862.78,Air,Local Exporter,4,Plastic Wrap,2.5,70.4,B,"Miami, FL"
EXP0015,Tulip,Red,6/23/2024,Colombia,USA,757,4.58,3467.06,Sea,DHL,3,Plastic Wrap,5.7,79.7,B,"Chicago, IL"
EXP0016,Tulip,White,1/21/2024,Colombia,USA,1969,0.7,1378.3,Air,UPS,9,Box,2.4,55,B,"Chicago, IL"
EXP0017,Carnation,Red,4/3/2024,Colombia,USA,3398,4.23,14373.54,Sea,UPS,6,Crate,7.3,68.4,A,"Houston, TX"
EXP0018,Tulip,Orange,10/25/2024,Colombia,USA,339,4.08,1383.12,Air,DHL,4,Plastic Wrap,4.4,72.9,B,"Miami, FL"
EXP0019,Tulip,Yellow,11/1/2024,Colombia,USA,1274,2,2548,Sea,DHL,10,Box,4,75.3,B,"Miami, FL"
EXP0020,Tulip,Pink,7/13/2024,Colombia,USA,1122,2.97,3332.34,Sea,DHL,3,Plastic Wrap,6.2,68.3,A,"Chicago, IL"
EXP0021,Tulip,Yellow,10/16/2024,Colombia,USA,4988,4.8,23942.4,Sea,Local Exporter,5,Plastic Wrap,3,81.5,A,"Miami, FL"
EXP0022,Rose,Pink,6/5/2024,Colombia,USA,1707,0.61,1041.27,Sea,Local Exporter,10,Crate,3.6,84.8,B,"Atlanta, GA"
EXP0023,Rose,Yellow,8/15/2024,Colombia,USA,2636,3.9,10280.4,Sea,UPS,2,Crate,4.4,50.1,B,"Dallas, TX"
EXP0024,Chrysanthemum,Pink,7/25/2024,Colombia,USA,2521,3.97,10008.37,Air,FedEx,6,Crate,5.7,50.6,C,"Miami, FL"
EXP0025,Carnation,Red,7/11/2024,Colombia,USA,4777,1.5,7165.5,Air,DHL,2,Box,6.1,50.1,B,"Chicago, IL"
EXP0026,Alstroemeria,Pink,6/4/2024,Colombia,USA,1270,2.88,3657.6,Sea,DHL,2,Crate,6.5,80,C,"Chicago, IL"
EXP0027,Tulip,White,10/19/2024,Colombia,USA,1941,1.09,2115.69,Air,Local Exporter,4,Crate,6.9,61.3,C,"Miami, FL"
EXP0028,Rose,Yellow,10/4/2024,Colombia,USA,889,0.68,604.52,Air,FedEx,10,Crate,7.1,66.4,C,"Atlanta, GA"
EXP0029,Chrysanthemum,Pink,2/2/2024,Colombia,USA,4990,2.2,10978,Sea,Local Exporter,3,Plastic Wrap,5.2,53.4,B,"Los Angeles, CA"
EXP0030,Chrysanthemum,Yellow,6/14/2024,Colombia,USA,4528,2.59,11727.52,Sea,Local Exporter,2,Crate,5.8,62.4,B,"Chicago, IL"
EXP0031,Chrysanthemum,Orange,6/23/2024,Colombia,USA,3762,4.24,15950.88,Air,DHL,10,Box,3.7,69.1,A,"Miami, FL"
EXP0032,Alstroemeria,Yellow,3/13/2024,Colombia,USA,389,2.41,937.49,Sea,DHL,7,Crate,7.5,77.4,B,"Dallas, TX"
EXP0033,Alstroemeria,Yellow,6/3/2024,Colombia,USA,3172,3.5,11102,Air,Local Exporter,5,Box,3.1,54.9,B,"Miami, FL"
EXP0034,Chrysanthemum,Pink,6/11/2024,Colombia,USA,1919,4.3,8251.7,Sea,FedEx,8,Box,2.5,69.2,B,"Miami, FL"
EXP0035,Alstroemeria,Pink,3/16/2024,Colombia,USA,2409,4.73,11394.57,Sea,DHL,2,Box,4.6,55.3,C,"Atlanta, GA"
EXP0036,Chrysanthemum,Red,9/11/2024,Colombia,USA,4193,1.62,6792.66,Sea,UPS,2,Box,2.9,74.2,C,"Miami, FL"
EXP0037,Chrysanthemum,Red,8/2/2024,Colombia,USA,4253,0.56,2381.68,Air,UPS,9,Crate,6.2,81.9,C,"Miami, FL"
EXP0038,Carnation,Red,8/28/2024,Colombia,USA,3721,2.96,11014.16,Air,Local Exporter,4,Plastic Wrap,2,87.4,A,"Seattle, WA"
EXP0039,Carnation,Pink,7/25/2024,Colombia,USA,943,3.34,3149.62,Sea,FedEx,10,Box,5.7,75.4,B,"Seattle, WA"
EXP0040,Tulip,Orange,5/5/2024,Colombia,USA,4122,4.34,17889.48,Sea,Local Exporter,2,Plastic Wrap,2.6,87.3,C,"Los Angeles, CA"
EXP0041,Tulip,White,7/26/2024,Colombia,USA,4324,3.58,15479.92,Sea,DHL,10,Box,4,79.6,A,"New York, NY"
EXP0042,Alstroemeria,Red,9/19/2024,Colombia,USA,2559,1.34,3429.06,Sea,UPS,4,Crate,2.3,75.1,C,"Miami, FL"
EXP0043,Rose,Yellow,12/8/2024,Colombia,USA,1815,3.05,5535.75,Air,DHL,10,Crate,2.9,68.8,A,"Miami, FL"
EXP0044,Carnation,Orange,3/4/2024,Colombia,USA,1038,2.31,2397.78,Air,FedEx,5,Box,4.6,57.2,C,"Miami, FL"
EXP0045,Tulip,Pink,7/16/2024,Colombia,USA,635,0.58,368.3,Air,DHL,6,Crate,5.2,84.1,B,"New York, NY"
EXP0046,Alstroemeria,Red,4/6/2024,Colombia,USA,2945,4.25,12516.25,Sea,Local Exporter,7,Box,6.4,79.4,C,"Chicago, IL"
EXP0047,Alstroemeria,White,10/19/2024,Colombia,USA,1228,0.89,1092.92,Sea,FedEx,3,Plastic Wrap,6.4,87.7,A,"Chicago, IL"
EXP0048,Rose,Orange,7/2/2024,Colombia,USA,213,3.49,743.37,Air,FedEx,7,Box,6.1,59.4,A,"Chicago, IL"
EXP0049,Carnation,Yellow,6/13/2024,Colombia,USA,294,4.53,1331.82,Air,UPS,9,Box,7.3,74.8,B,"Miami, FL"
EXP0050,Rose,Pink,2/12/2024,Colombia,USA,2214,1.95,4317.3,Air,UPS,7,Crate,6.7,85.1,A,"Los Angeles, CA"
EXP0051,Rose,White,7/17/2024,Colombia,USA,3620,0.8,2896,Sea,Local Exporter,5,Crate,2.5,61.1,C,"Miami, FL"
EXP0052,Chrysanthemum,Yellow,6/1/2024,Colombia,USA,4976,2.33,11594.08,Sea,UPS,2,Crate,4.5,69,B,"Los Angeles, CA"
EXP0053,Rose,Red,10/27/2024,Colombia,USA,4575,1.41,6450.75,Sea,FedEx,2,Box,6,72.5,A,"Miami, FL"
EXP0054,Alstroemeria,Pink,5/28/2024,Colombia,USA,2349,2.78,6530.22,Air,Local Exporter,8,Crate,2,55.6,A,"Dallas, TX"
EXP0055,Rose,Pink,4/2/2024,Colombia,USA,2553,0.61,1557.33,Sea,DHL,7,Box,6.4,60.2,B,"Miami, FL"
EXP0056,Carnation,Red,5/10/2024,Colombia,USA,3585,4.38,15702.3,Sea,Local Exporter,3,Crate,6.4,74.8,B,"Miami, FL"
EXP0057,Chrysanthemum,Yellow,5/13/2024,Colombia,USA,3307,4.52,14947.64,Air,DHL,9,Box,7,77,B,"Miami, FL"
EXP0058,Tulip,White,7/10/2024,Colombia,USA,1344,3.91,5255.04,Air,FedEx,8,Box,7.9,54.9,B,"Chicago, IL"
EXP0059,Alstroemeria,Pink,6/8/2024,Colombia,USA,2394,4.97,11898.18,Sea,Local Exporter,7,Box,6.9,69.3,A,"New York, NY"
EXP0060,Rose,Red,4/23/2024,Colombia,USA,355,2.48,880.4,Sea,DHL,7,Plastic Wrap,6.2,80.1,A,"Miami, FL"
EXP0061,Alstroemeria,Yellow,11/12/2024,Colombia,USA,701,2.69,1885.69,Sea,FedEx,3,Box,7,79.2,A,"Miami, FL"
EXP0062,Alstroemeria,Red,12/14/2024,Colombia,USA,4410,2.07,9128.7,Air,Local Exporter,4,Plastic Wrap,4.7,68,B,"New York, NY"
EXP0063,Carnation,Red,3/27/2024,Colombia,USA,4076,3.42,13939.92,Air,UPS,4,Crate,3.7,57.2,B,"Miami, FL"
EXP0064,Carnation,Yellow,6/23/2024,Colombia,USA,2078,0.64,1329.92,Air,Local Exporter,6,Box,4,75.5,C,"Chicago, IL"
EXP0065,Chrysanthemum,Yellow,3/1/2024,Colombia,USA,1795,1.86,3338.7,Air,FedEx,9,Crate,4,80,B,"New York, NY"
EXP0066,Carnation,Orange,3/4/2024,Colombia,USA,2145,3.53,7571.85,Air,DHL,2,Crate,6.5,83.5,A,"Miami, FL"
EXP0067,Carnation,Orange,3/13/2024,Colombia,USA,3207,3.94,12635.58,Sea,DHL,10,Plastic Wrap,2.6,57.8,A,"Miami, FL"
EXP0068,Alstroemeria,Orange,11/7/2024,Colombia,USA,1485,3.99,5925.15,Sea,FedEx,9,Plastic Wrap,4.4,55.9,A,"Houston, TX"
EXP0069,Alstroemeria,White,12/18/2024,Colombia,USA,1414,4.7,6645.8,Sea,Local Exporter,10,Crate,2.9,55.1,C,"Miami, FL"
EXP0070,Alstroemeria,Yellow,9/21/2024,Colombia,USA,793,3.51,2783.43,Air,UPS,8,Plastic Wrap,6.8,74.8,A,"Miami, FL"
EXP0071,Alstroemeria,Orange,4/12/2024,Colombia,USA,3728,1.18,4399.04,Sea,DHL,2,Plastic Wrap,7.6,65.4,C,"Chicago, IL"
EXP0072,Tulip,Pink,1/6/2024,Colombia,USA,1683,2.73,4594.59,Sea,FedEx,3,Box,7.8,62.1,B,"Atlanta, GA"
EXP0073,Chrysanthemum,Pink,12/10/2024,Colombia,USA,3221,4.7,15138.7,Air,DHL,3,Box,5.9,78.9,C,"Houston, TX"
EXP0074,Chrysanthemum,Pink,11/25/2024,Colombia,USA,1439,4.38,6302.82,Air,DHL,5,Plastic Wrap,4.4,70.4,B,"Chicago, IL"
EXP0075,Alstroemeria,Orange,2/2/2024,Colombia,USA,2800,3.33,9324,Air,Local Exporter,10,Plastic Wrap,2.6,59.6,A,"Miami, FL"
EXP0076,Carnation,Orange,4/4/2024,Colombia,USA,2052,0.82,1682.64,Sea,UPS,2,Plastic Wrap,2.7,70.1,C,"Miami, FL"
EXP0077,Tulip,Red,5/25/2024,Colombia,USA,3514,2.96,10401.44,Sea,Local Exporter,4,Plastic Wrap,4.1,76.7,C,"Chicago, IL"
EXP0078,Carnation,Red,9/28/2024,Colombia,USA,3420,4.51,15424.2,Air,DHL,6,Crate,3.4,58.5,C,"Los Angeles, CA"
EXP0079,Tulip,Yellow,12/19/2024,Colombia,USA,518,1.29,668.22,Sea,DHL,10,Crate,2.7,58.7,A,"Miami, FL"
EXP0080,Chrysanthemum,Yellow,6/18/2024,Colombia,USA,3454,1.25,4317.5,Sea,Local Exporter,3,Crate,2.1,80.1,B,"Atlanta, GA"
EXP0081,Chrysanthemum,Pink,10/27/2024,Colombia,USA,814,4.14,3369.96,Air,FedEx,4,Box,7.3,76.9,C,"Miami, FL"
EXP0082,Rose,Pink,4/13/2024,Colombia,USA,2279,3.01,6859.79,Sea,UPS,9,Box,2.3,86.8,A,"Los Angeles, CA"
EXP0083,Chrysanthemum,White,1/18/2024,Colombia,USA,2988,1.18,3525.84,Air,DHL,5,Plastic Wrap,5.4,51.3,B,"Miami, FL"
EXP0084,Chrysanthemum,Pink,2/18/2024,Colombia,USA,4968,0.86,4272.48,Sea,DHL,5,Crate,3.4,56.7,C,"Los Angeles, CA"
EXP0085,Carnation,White,4/25/2024,Colombia,USA,1118,2.75,3074.5,Air,FedEx,6,Crate,6.2,55.7,C,"Miami, FL"
EXP0086,Alstroemeria,Red,12/24/2024,Colombia,USA,1296,0.86,1114.56,Sea,Local Exporter,3,Crate,3.1,85.3,A,"Miami, FL"
EXP0087,Tulip,Yellow,12/19/2024,Colombia,USA,536,4.66,2497.76,Air,Local Exporter,8,Box,6.1,62.5,C,"Miami, FL"
EXP0088,Tulip,White,5/10/2024,Colombia,USA,1822,2.53,4609.66,Sea,FedEx,4,Box,7.7,86.4,B,"New York, NY"
EXP0089,Alstroemeria,White,9/22/2024,Colombia,USA,4586,1.88,8621.68,Air,FedEx,5,Plastic Wrap,6.9,88.3,A,"New York, NY"
EXP0090,Chrysanthemum,Red,2/5/2024,Colombia,USA,3660,1.84,6734.4,Air,FedEx,6,Crate,2.8,71.2,B,"Los Angeles, CA"
EXP0091,Tulip,Yellow,11/17/2024,Colombia,USA,3793,3.99,15134.07,Sea,Local Exporter,8,Plastic Wrap,7.4,53.3,C,"Seattle, WA"
EXP0092,Alstroemeria,Orange,10/10/2024,Colombia,USA,4683,4.76,22291.08,Sea,Local Exporter,10,Crate,5,53,B,"Miami, FL"
EXP0093,Alstroemeria,Red,4/10/2024,Colombia,USA,1646,2.89,4756.94,Sea,DHL,8,Box,3.5,87.1,B,"Miami, FL"
EXP0094,Carnation,Pink,4/11/2024,Colombia,USA,4079,4.56,18600.24,Air,DHL,5,Plastic Wrap,7.3,79,B,"Dallas, TX"
EXP0095,Rose,Yellow,10/23/2024,Colombia,USA,1275,3.12,3978,Sea,FedEx,9,Box,7,75.5,C,"Miami, FL"
EXP0096,Rose,Yellow,4/23/2024,Colombia,USA,784,1.48,1160.32,Sea,DHL,6,Crate,2.6,57,C,"Seattle, WA"
EXP0097,Alstroemeria,White,1/14/2024,Colombia,USA,4662,4.22,19673.64,Sea,Local Exporter,6,Crate,5,64.7,C,"Miami, FL"
EXP0098,Rose,White,3/26/2024,Colombia,USA,3700,1.92,7104,Air,UPS,2,Box,6,59.9,B,"Seattle, WA"
EXP0099,Alstroemeria,Yellow,7/8/2024,Colombia,USA,2832,3.9,11044.8,Sea,UPS,4,Box,5.7,54.9,C,"Miami, FL"
EXP0100,Carnation,Yellow,6/15/2024,Colombia,USA,3341,1.35,4510.35,Sea,Local Exporter,10,Plastic Wrap,7,79.7,B,"Dallas, TX"
EXP0101,Alstroemeria,Red,12/27/2024,Colombia,USA,534,3.78,2018.52,Sea,DHL,2,Box,2.8,85.3,C,"Los Angeles, CA"
EXP0102,Alstroemeria,White,9/17/2024,Colombia,USA,4508,2.71,12216.68,Sea,Local Exporter,3,Box,7.6,66.7,B,"Houston, TX"
EXP0103,Alstroemeria,Red,2/22/2024,Colombia,USA,514,2.83,1454.62,Air,UPS,4,Plastic Wrap,6.9,67.1,B,"Miami, FL"
EXP0104,Rose,White,9/28/2024,Colombia,USA,736,2.04,1501.44,Air,DHL,7,Crate,7.7,53.1,B,"Los Angeles, CA"
EXP0105,Tulip,Orange,8/3/2024,Colombia,USA,2879,1.61,4635.19,Sea,UPS,2,Plastic Wrap,3.5,71.3,A,"Seattle, WA"
EXP0106,Rose,White,4/17/2024,Colombia,USA,1230,1.35,1660.5,Air,FedEx,3,Plastic Wrap,6,54.4,C,"Los Angeles, CA"
EXP0107,Carnation,White,2/18/2024,Colombia,USA,4904,4.01,19665.04,Sea,Local Exporter,7,Box,7.4,83.9,B,"New York, NY"
EXP0108,Rose,White,3/5/2024,Colombia,USA,4038,1.36,5491.68,Air,FedEx,3,Plastic Wrap,4.4,88.4,A,"New York, NY"
EXP0109,Carnation,Pink,8/22/2024,Colombia,USA,2295,4.24,9730.8,Air,DHL,7,Box,7.5,76.8,C,"Los Angeles, CA"
EXP0110,Chrysanthemum,White,9/7/2024,Colombia,USA,4914,2.18,10712.52,Air,FedEx,3,Box,4,66.2,A,"New York, NY"
EXP0111,Rose,Orange,11/7/2024,Colombia,USA,1790,3.39,6068.1,Air,Local Exporter,8,Plastic Wrap,5,85.9,B,"Los Angeles, CA"
EXP0112,Carnation,White,9/11/2024,Colombia,USA,306,3.9,1193.4,Air,FedEx,5,Plastic Wrap,6.8,59.4,A,"Atlanta, GA"
EXP0113,Tulip,Yellow,1/15/2024,Colombia,USA,3967,2.73,10829.91,Sea,FedEx,6,Crate,3.8,86.4,B,"Miami, FL"
EXP0114,Chrysanthemum,Red,6/17/2024,Colombia,USA,1440,1.16,1670.4,Sea,Local Exporter,7,Crate,2.8,65,A,"Miami, FL"
EXP0115,Alstroemeria,Orange,2/14/2024,Colombia,USA,3158,3.86,12189.88,Sea,DHL,3,Box,3.2,61.3,A,"Seattle, WA"
EXP0116,Rose,Yellow,9/23/2024,Colombia,USA,2754,3.49,9611.46,Sea,DHL,8,Crate,2.2,88.1,C,"Dallas, TX"
EXP0117,Chrysanthemum,Yellow,8/14/2024,Colombia,USA,3042,1.43,4350.06,Sea,Local Exporter,7,Plastic Wrap,7.6,63.4,C,"Los Angeles, CA"
EXP0118,Carnation,Red,3/22/2024,Colombia,USA,303,3.83,1160.49,Air,DHL,10,Crate,4.4,89.4,C,"New York, NY"
EXP0119,Rose,White,8/11/2024,Colombia,USA,4219,4.4,18563.6,Air,UPS,4,Crate,3.7,51.2,C,"Miami, FL"
EXP0120,Alstroemeria,White,3/5/2024,Colombia,USA,3786,1.64,6209.04,Air,FedEx,4,Box,6.5,58.1,A,"Miami, FL"
EXP0121,Carnation,Red,3/10/2024,Colombia,USA,3832,4.81,18431.92,Sea,UPS,3,Crate,7.6,81.7,B,"Los Angeles, CA"
EXP0122,Chrysanthemum,Orange,6/10/2024,Colombia,USA,1579,0.54,852.66,Sea,Local Exporter,9,Plastic Wrap,5.9,72.1,A,"Miami, FL"
EXP0123,Tulip,Yellow,9/24/2024,Colombia,USA,4177,0.93,3884.61,Sea,DHL,10,Crate,7.7,88.1,A,"Los Angeles, CA"
EXP0124,Tulip,Orange,9/15/2024,Colombia,USA,4572,4.08,18653.76,Air,DHL,10,Box,3.2,71.8,C,"Miami, FL"
EXP0125,Rose,Pink,1/4/2024,Colombia,USA,1853,2.73,5058.69,Sea,Local Exporter,8,Box,2.6,82.4,B,"Seattle, WA"
EXP0126,Carnation,White,9/15/2024,Colombia,USA,282,1.54,434.28,Air,UPS,5,Plastic Wrap,7.1,79,A,"Houston, TX"
EXP0127,Carnation,White,2/15/2024,Colombia,USA,3722,2.19,8151.18,Sea,DHL,8,Box,2.8,88,B,"New York, NY"
EXP0128,Rose,Orange,12/14/2024,Colombia,USA,4900,2.4,11760,Sea,Local Exporter,6,Box,4.1,69.9,B,"Los Angeles, CA"
EXP0129,Tulip,White,11/23/2024,Colombia,USA,1465,1.13,1655.45,Air,UPS,3,Crate,5,62.6,B,"Miami, FL"
EXP0130,Alstroemeria,Orange,10/11/2024,Colombia,USA,859,2.19,1881.21,Air,FedEx,2,Plastic Wrap,5.2,66.1,B,"Chicago, IL"
EXP0131,Tulip,Red,3/7/2024,Colombia,USA,4309,1.84,7928.56,Air,DHL,10,Box,7.2,68.6,C,"New York, NY"
EXP0132,Alstroemeria,Pink,7/19/2024,Colombia,USA,727,1.49,1083.23,Sea,FedEx,5,Box,2.5,57.6,C,"Miami, FL"
EXP0133,Tulip,Red,4/24/2024,Colombia,USA,198,1.42,281.16,Sea,UPS,6,Crate,7.6,66.7,B,"Atlanta, GA"
EXP0134,Carnation,White,7/2/2024,Colombia,USA,1459,1.22,1779.98,Air,FedEx,3,Plastic Wrap,7.4,73.8,C,"Chicago, IL"
EXP0135,Alstroemeria,Yellow,1/26/2024,Colombia,USA,3518,0.65,2286.7,Air,UPS,4,Crate,7.4,86.5,C,"Atlanta, GA"
EXP0136,Rose,Red,8/2/2024,Colombia,USA,650,0.59,383.5,Sea,Local Exporter,6,Plastic Wrap,4.9,71.7,A,"New York, NY"
EXP0137,Chrysanthemum,Red,2/19/2024,Colombia,USA,3011,3.81,11471.91,Sea,DHL,2,Plastic Wrap,3.4,80.9,A,"New York, NY"
EXP0138,Rose,Orange,2/7/2024,Colombia,USA,1435,4.87,6988.45,Sea,Local Exporter,10,Crate,3.3,89.8,C,"Miami, FL"
EXP0139,Carnation,Pink,12/4/2024,Colombia,USA,498,4.83,2405.34,Air,UPS,2,Plastic Wrap,3.6,65.6,B,"Atlanta, GA"
EXP0140,Carnation,Pink,5/15/2024,Colombia,USA,4129,3.01,12428.29,Air,UPS,2,Plastic Wrap,2.4,75.7,B,"Dallas, TX"
EXP0141,Chrysanthemum,Pink,8/15/2024,Colombia,USA,4279,3.95,16902.05,Sea,FedEx,6,Box,7.6,76.7,A,"Miami, FL"
EXP0142,Rose,White,2/23/2024,Colombia,USA,1102,3.08,3394.16,Air,FedEx,9,Box,4.2,86.7,B,"Miami, FL"
EXP0143,Alstroemeria,White,6/4/2024,Colombia,USA,3077,2.36,7261.72,Sea,FedEx,5,Box,7,65.9,A,"Miami, FL"
EXP0144,Chrysanthemum,Orange,3/1/2024,Colombia,USA,2356,3.8,8952.8,Sea,DHL,10,Crate,3.9,85.2,B,"Chicago, IL"
EXP0145,Tulip,Orange,1/26/2024,Colombia,USA,310,2.71,840.1,Sea,Local Exporter,2,Crate,7.6,73.3,C,"Houston, TX"
EXP0146,Alstroemeria,White,11/15/2024,Colombia,USA,4790,1.68,8047.2,Sea,DHL,5,Box,6.1,56.2,C,"Miami, FL"
EXP0147,Alstroemeria,Orange,5/4/2024,Colombia,USA,3230,4.03,13016.9,Air,FedEx,6,Box,3.3,81.1,C,"Los Angeles, CA"
EXP0148,Rose,Pink,5/1/2024,Colombia,USA,2492,4.26,10615.92,Air,FedEx,2,Crate,4.5,68.4,C,"Miami, FL"
EXP0149,Alstroemeria,Pink,6/20/2024,Colombia,USA,4001,2.35,9402.35,Air,UPS,9,Box,6.7,88.2,B,"Seattle, WA"
EXP0150,Tulip,Yellow,9/7/2024,Colombia,USA,2533,4.01,10157.33,Sea,Local Exporter,6,Box,6.9,51.6,B,"Chicago, IL"
EXP0151,Chrysanthemum,White,12/25/2024,Colombia,USA,3028,2.84,8599.52,Sea,DHL,3,Crate,6.7,78.5,B,"Chicago, IL"
EXP0152,Rose,White,6/22/2024,Colombia,USA,2377,2.87,6821.99,Sea,DHL,5,Plastic Wrap,4.6,59.9,A,"Los Angeles, CA"
EXP0153,Carnation,Yellow,6/28/2024,Colombia,USA,3301,1.52,5017.52,Sea,Local Exporter,8,Plastic Wrap,2.6,62.3,B,"Miami, FL"
EXP0154,Rose,Red,9/25/2024,Colombia,USA,2806,4.46,12514.76,Sea,Local Exporter,4,Box,4.9,50.8,C,"Miami, FL"
EXP0155,Alstroemeria,Red,3/11/2024,Colombia,USA,1852,3.34,6185.68,Air,Local Exporter,10,Crate,5.9,82.3,B,"Miami, FL"
EXP0156,Tulip,Yellow,6/23/2024,Colombia,USA,2146,0.62,1330.52,Air,UPS,6,Box,7.6,70.5,C,"Dallas, TX"
EXP0157,Carnation,Yellow,2/9/2024,Colombia,USA,3637,4.39,15966.43,Sea,UPS,4,Box,3.5,63.2,A,"Chicago, IL"
EXP0158,Carnation,Pink,4/24/2024,Colombia,USA,3431,2.92,10018.52,Sea,DHL,3,Box,3.8,71.5,A,"Houston, TX"
EXP0159,Tulip,White,2/7/2024,Colombia,USA,771,0.56,431.76,Sea,UPS,9,Box,2.4,57.9,A,"Houston, TX"
EXP0160,Carnation,Pink,3/14/2024,Colombia,USA,3753,3.41,12797.73,Air,Local Exporter,5,Plastic Wrap,4.9,55.4,C,"Los Angeles, CA"
EXP0161,Chrysanthemum,Pink,6/24/2024,Colombia,USA,3482,4.68,16295.76,Sea,FedEx,5,Box,3.8,56.2,A,"Chicago, IL"
EXP0162,Carnation,Red,12/12/2024,Colombia,USA,2117,2.58,5461.86,Sea,Local Exporter,6,Crate,2,71.1,B,"Atlanta, GA"
EXP0163,Chrysanthemum,Pink,5/5/2024,Colombia,USA,3253,3.54,11515.62,Sea,UPS,5,Crate,4.1,87.5,B,"Chicago, IL"
EXP0164,Carnation,Yellow,5/23/2024,Colombia,USA,2956,4.2,12415.2,Air,Local Exporter,5,Plastic Wrap,6.8,65.2,A,"Miami, FL"
EXP0165,Rose,Yellow,1/1/2024,Colombia,USA,4848,2.25,10908,Air,DHL,8,Crate,2.3,78.1,B,"Los Angeles, CA"
EXP0166,Rose,White,7/18/2024,Colombia,USA,3950,2.06,8137,Sea,UPS,8,Plastic Wrap,6.9,50.7,B,"Miami, FL"
EXP0167,Chrysanthemum,Yellow,10/22/2024,Colombia,USA,1446,2.94,4251.24,Air,Local Exporter,6,Crate,6.8,79.3,A,"Seattle, WA"
EXP0168,Alstroemeria,Yellow,2/22/2024,Colombia,USA,2310,1.69,3903.9,Air,DHL,9,Plastic Wrap,2.8,59,A,"New York, NY"
EXP0169,Alstroemeria,Orange,2/14/2024,Colombia,USA,1282,2.06,2640.92,Air,FedEx,5,Crate,6,89.4,C,"Miami, FL"
EXP0170,Carnation,Red,4/2/2024,Colombia,USA,1834,2.21,4053.14,Air,FedEx,7,Box,5.4,52.8,A,"New York, NY"
EXP0171,Tulip,Pink,4/25/2024,Colombia,USA,1459,4.78,6974.02,Air,Local Exporter,9,Box,5.4,50.7,C,"New York, NY"
EXP0172,Alstroemeria,Pink,1/7/2024,Colombia,USA,2853,3.74,10670.22,Air,UPS,7,Plastic Wrap,7.1,70.7,C,"Miami, FL"
EXP0173,Carnation,White,6/10/2024,Colombia,USA,1149,0.81,930.69,Sea,DHL,9,Plastic Wrap,4.4,79.2,A,"Miami, FL"
EXP0174,Alstroemeria,White,11/4/2024,Colombia,USA,3553,4.05,14389.65,Air,UPS,6,Box,4.9,72.6,C,"New York, NY"
EXP0175,Tulip,Red,12/18/2024,Colombia,USA,1614,1.38,2227.32,Air,FedEx,5,Box,6,74.6,C,"Los Angeles, CA"
EXP0176,Alstroemeria,White,3/4/2024,Colombia,USA,406,0.81,328.86,Sea,UPS,4,Crate,3.4,58.1,A,"Chicago, IL"
EXP0177,Chrysanthemum,Pink,10/12/2024,Colombia,USA,3610,2.39,8627.9,Air,DHL,8,Crate,6.7,74.8,B,"Los Angeles, CA"
EXP0178,Alstroemeria,Orange,2/22/2024,Colombia,USA,4615,3.04,14029.6,Air,DHL,10,Crate,4.3,65.2,A,"Dallas, TX"
EXP0179,Tulip,Yellow,10/26/2024,Colombia,USA,204,3.95,805.8,Air,Local Exporter,10,Plastic Wrap,5.2,61.5,B,"Los Angeles, CA"
EXP0180,Chrysanthemum,Red,6/25/2024,Colombia,USA,923,2,1846,Sea,Local Exporter,3,Plastic Wrap,6.8,75.7,C,"Los Angeles, CA"
EXP0181,Alstroemeria,Orange,10/10/2024,Colombia,USA,1497,3.16,4730.52,Air,UPS,4,Box,3.3,62.6,B,"Dallas, TX"
EXP0182,Carnation,Orange,2/11/2024,Colombia,USA,965,0.93,897.45,Sea,Local Exporter,7,Plastic Wrap,2.1,70.6,C,"Miami, FL"
EXP0183,Carnation,Orange,5/8/2024,Colombia,USA,4660,4.92,22927.2,Air,UPS,9,Plastic Wrap,2.2,75.6,A,"Miami, FL"
EXP0184,Chrysanthemum,Yellow,9/22/2024,Colombia,USA,4780,1.75,8365,Sea,FedEx,5,Plastic Wrap,7.5,66.6,A,"Miami, FL"
EXP0185,Chrysanthemum,Orange,3/4/2024,Colombia,USA,2288,2.51,5742.88,Sea,UPS,7,Plastic Wrap,5.7,81.6,C,"Chicago, IL"
EXP0186,Alstroemeria,Pink,3/19/2024,Colombia,USA,1336,2.91,3887.76,Air,UPS,8,Box,6.7,54.2,A,"New York, NY"
EXP0187,Tulip,White,2/25/2024,Colombia,USA,1120,1.16,1299.2,Sea,FedEx,10,Plastic Wrap,6,71.1,C,"New York, NY"
EXP0188,Rose,Red,5/3/2024,Colombia,USA,2236,1.81,4047.16,Air,FedEx,9,Box,6.8,85,A,"Miami, FL"
EXP0189,Alstroemeria,Orange,4/16/2024,Colombia,USA,4655,4.73,22018.15,Sea,FedEx,9,Crate,4.8,80,A,"Miami, FL"
EXP0190,Tulip,Yellow,11/12/2024,Colombia,USA,2134,2.71,5783.14,Air,Local Exporter,9,Box,4.2,62.6,C,"Miami, FL"
EXP0191,Tulip,White,7/27/2024,Colombia,USA,2979,0.78,2323.62,Air,UPS,7,Crate,4.3,65,C,"Miami, FL"
EXP0192,Carnation,Yellow,11/8/2024,Colombia,USA,4787,4.86,23264.82,Sea,DHL,6,Crate,3.9,68.2,A,"Los Angeles, CA"
EXP0193,Alstroemeria,Orange,9/1/2024,Colombia,USA,3432,2.92,10021.44,Sea,Local Exporter,5,Crate,6.6,71.5,B,"Miami, FL"
EXP0194,Carnation,White,11/19/2024,Colombia,USA,4637,3.03,14050.11,Air,DHL,7,Box,7.3,67.8,A,"Miami, FL"
EXP0195,Rose,White,5/19/2024,Colombia,USA,175,3.61,631.75,Sea,UPS,8,Crate,2.5,86.5,B,"Atlanta, GA"
EXP0196,Carnation,Red,6/21/2024,Colombia,USA,3267,2.6,8494.2,Sea,FedEx,3,Box,8,69.6,A,"Miami, FL"
EXP0197,Carnation,Orange,1/1/2024,Colombia,USA,4933,3.84,18942.72,Sea,FedEx,10,Box,4.2,78.6,C,"Los Angeles, CA"
EXP0198,Carnation,Yellow,8/19/2024,Colombia,USA,4309,3.87,16675.83,Air,FedEx,10,Plastic Wrap,7.6,68.2,A,"Chicago, IL"
EXP0199,Tulip,Yellow,9/11/2024,Colombia,USA,3595,1.6,5752,Sea,DHL,6,Box,6.9,51.6,A,"Miami, FL"
EXP0200,Alstroemeria,Orange,8/9/2024,Colombia,USA,2068,1.59,3288.12,Sea,UPS,3,Box,6.5,60.5,C,"New York, NY"
EXP0201,Chrysanthemum,White,1/22/2024,Colombia,USA,3983,4.15,16529.45,Air,FedEx,4,Plastic Wrap,6.2,60,A,"Dallas, TX"
EXP0202,Rose,White,5/5/2024,Colombia,USA,4649,4.5,20920.5,Sea,DHL,7,Crate,5.2,55.3,C,"Atlanta, GA"
EXP0203,Chrysanthemum,Yellow,5/3/2024,Colombia,USA,930,4.12,3831.6,Air,FedEx,8,Plastic Wrap,4.5,70.3,C,"Miami, FL"
EXP0204,Tulip,Yellow,12/19/2024,Colombia,USA,3243,1.98,6421.14,Sea,UPS,2,Plastic Wrap,3,55.6,C,"Atlanta, GA"
EXP0205,Alstroemeria,White,5/18/2024,Colombia,USA,1384,3.15,4359.6,Sea,FedEx,6,Plastic Wrap,3.1,62.3,A,"Los Angeles, CA"
EXP0206,Alstroemeria,Yellow,3/18/2024,Colombia,USA,4573,3.93,17971.89,Air,FedEx,2,Box,4,52.2,A,"Miami, FL"
EXP0207,Tulip,Pink,7/6/2024,Colombia,USA,3442,2.82,9706.44,Sea,DHL,8,Crate,5,50.2,C,"Los Angeles, CA"
EXP0208,Alstroemeria,Yellow,9/10/2024,Colombia,USA,3390,3.64,12339.6,Air,FedEx,7,Box,5.8,51.3,B,"Houston, TX"
EXP0209,Carnation,Orange,1/24/2024,Colombia,USA,1008,1.58,1592.64,Air,DHL,10,Box,3.7,56.2,A,"Los Angeles, CA"
EXP0210,Alstroemeria,Red,5/7/2024,Colombia,USA,1987,2.29,4550.23,Sea,FedEx,5,Plastic Wrap,4.4,65.1,B,"Miami, FL"
EXP0211,Tulip,Yellow,12/17/2024,Colombia,USA,656,4.56,2991.36,Air,Local Exporter,6,Box,5.1,52.4,C,"New York, NY"
EXP0212,Tulip,White,8/14/2024,Colombia,USA,2570,2.22,5705.4,Air,FedEx,7,Crate,5.4,67.5,B,"Miami, FL"
EXP0213,Tulip,Yellow,11/14/2024,Colombia,USA,1331,2.6,3460.6,Sea,Local Exporter,2,Plastic Wrap,6.4,60.3,C,"Miami, FL"
EXP0214,Carnation,Red,10/9/2024,Colombia,USA,1303,1.63,2123.89,Sea,DHL,5,Crate,6.3,60.6,B,"Miami, FL"
EXP0215,Tulip,Red,8/10/2024,Colombia,USA,745,3.96,2950.2,Air,UPS,9,Box,3.7,54.1,A,"Miami, FL"
EXP0216,Carnation,Orange,4/2/2024,Colombia,USA,921,1.26,1160.46,Air,DHL,2,Box,3.7,69.8,C,"Miami, FL"
EXP0217,Tulip,Pink,7/19/2024,Colombia,USA,210,3.81,800.1,Sea,DHL,9,Plastic Wrap,4.6,51.8,C,"Miami, FL"
EXP0218,Carnation,Yellow,8/14/2024,Colombia,USA,623,3.78,2354.94,Sea,FedEx,6,Crate,5.6,69.7,C,"New York, NY"
EXP0219,Tulip,Orange,4/11/2024,Colombia,USA,1463,2.14,3130.82,Air,Local Exporter,10,Box,5.8,84.2,C,"Miami, FL"
EXP0220,Alstroemeria,Red,2/16/2024,Colombia,USA,4854,3.78,18348.12,Air,DHL,8,Plastic Wrap,7.6,76.4,C,"Miami, FL"
EXP0221,Carnation,Pink,5/12/2024,Colombia,USA,1248,2.9,3619.2,Sea,DHL,10,Crate,2.2,50.3,C,"Dallas, TX"
EXP0222,Carnation,Pink,,Colombia,USA,861,0.89,766.29,Air,UPS,8,Crate,3.8,63.2,A,"Los Angeles, CA"
EXP0223,Alstroemeria,Yellow,10/8/2024,Colombia,USA,958,2.9,2778.2,Sea,DHL,5,Plastic Wrap,3.4,75.8,A,"New York, NY"
EXP0224,Chrysanthemum,Pink,7/3/2024,Colombia,USA,1172,4.01,4699.72,Sea,UPS,9,Plastic Wrap,2.9,80.1,C,"Miami, FL"
EXP0225,Carnation,Red,11/14/2024,Colombia,USA,4242,2.28,9671.76,Sea,DHL,5,Crate,6.8,87.4,C,"Miami, FL"
EXP0226,Chrysanthemum,Yellow,4/13/2024,Colombia,USA,2096,2.1,4401.6,Air,UPS,8,Crate,6.8,66.7,A,"Miami, FL"
EXP0227,Carnation,Pink,9/26/2024,Colombia,USA,2573,0.84,2161.32,Sea,Local Exporter,7,Crate,3.8,53.7,A,"Miami, FL"
EXP0228,Rose,Red,1/1/2024,Colombia,USA,276,2.49,687.24,Air,FedEx,7,Box,3.9,54.2,C,"Miami, FL"
EXP0229,Chrysanthemum,Yellow,5/28/2024,Colombia,USA,1886,2.19,4130.34,Sea,FedEx,9,Crate,3.4,89.1,C,"Miami, FL"
EXP0230,Alstroemeria,Orange,6/3/2024,Colombia,USA,4859,1.29,6268.11,Sea,Local Exporter,8,Plastic Wrap,2.1,64.1,C,"Miami, FL"
EXP0231,Carnation,Yellow,6/21/2024,Colombia,USA,1061,0.97,1029.17,Air,DHL,3,Box,2.5,70.3,A,"Miami, FL"
EXP0232,Chrysanthemum,Red,9/25/2024,Colombia,USA,3914,3.45,13503.3,Air,FedEx,9,Box,8,56.2,C,"Los Angeles, CA"
EXP0233,Chrysanthemum,Orange,8/5/2024,Colombia,USA,2069,3.02,6248.38,Air,DHL,2,Plastic Wrap,3.3,61.6,B,"Miami, FL"
EXP0234,Carnation,Yellow,9/8/2024,Colombia,USA,610,3.35,2043.5,Sea,DHL,7,Box,3.6,65.8,B,"Miami, FL"
EXP0235,Tulip,White,9/26/2024,Colombia,USA,4487,3.73,16736.51,Air,UPS,7,Crate,5.6,81.1,C,"Los Angeles, CA"
EXP0236,Carnation,Orange,7/25/2024,Colombia,USA,2844,3.53,10039.32,Air,Local Exporter,2,Box,5.4,79.3,B,"New York, NY"
EXP0237,Carnation,White,3/20/2024,Colombia,USA,325,2.5,812.5,Sea,FedEx,8,Box,7.1,66.2,A,"Miami, FL"
EXP0238,Chrysanthemum,Red,7/2/2024,Colombia,USA,1739,2.52,4382.28,Sea,Local Exporter,4,Box,3.3,59.2,A,"Chicago, IL"
EXP0239,Alstroemeria,White,5/12/2024,Colombia,USA,2269,2.14,4855.66,Sea,DHL,8,Plastic Wrap,6.6,80.1,C,"New York, NY"
EXP0240,Alstroemeria,Yellow,11/22/2024,Colombia,USA,1220,3.01,3672.2,Sea,DHL,4,Box,3.4,73,B,"Miami, FL"
EXP0241,Carnation,Yellow,10/1/2024,Colombia,USA,4671,3.96,18497.16,Sea,UPS,10,Box,5.9,71.3,C,"Dallas, TX"
EXP0242,Rose,Pink,6/19/2024,Colombia,USA,3897,4.74,18471.78,Sea,FedEx,5,Plastic Wrap,3.1,86.8,C,"Atlanta, GA"
EXP0243,Tulip,White,7/13/2024,Colombia,USA,1070,2.49,2664.3,Air,UPS,6,Crate,3.3,60.3,A,"Miami, FL"
EXP0244,Tulip,Orange,4/22/2024,Colombia,USA,1461,4.63,6764.43,Air,Local Exporter,6,Plastic Wrap,4.5,58.3,A,"Miami, FL"
EXP0245,Tulip,White,4/26/2024,Colombia,USA,2617,3.75,9813.75,Sea,Local Exporter,3,Box,2.2,57.6,B,"Chicago, IL"
EXP0246,Rose,White,2/26/2024,Colombia,USA,3426,0.73,2500.98,Sea,Local Exporter,4,Box,7.3,65.2,B,"New York, NY"
EXP0247,Tulip,White,4/20/2024,Colombia,USA,3154,3.89,12269.06,Sea,DHL,10,Box,6.3,53.3,A,"Miami, FL"
EXP0248,Carnation,Red,8/26/2024,Colombia,USA,1116,1.69,1886.04,Air,FedEx,2,Box,2.6,54.3,A,"Miami, FL"
EXP0249,Chrysanthemum,Pink,9/28/2024,Colombia,USA,2156,1.36,2932.16,Sea,UPS,6,Box,4.5,76.3,C,"Miami, FL"
EXP0250,Chrysanthemum,Pink,12/20/2024,Colombia,USA,1694,2.63,4455.22,Air,Local Exporter,10,Box,6.1,67.1,B,"Los Angeles, CA"
EXP0251,Carnation,Yellow,2/4/2024,Colombia,USA,3590,2.66,9549.4,Sea,FedEx,9,Plastic Wrap,3.5,65.2,A,"New York, NY"
EXP0252,Tulip,Yellow,9/22/2024,Colombia,USA,1312,2.06,2702.72,Air,FedEx,6,Box,2,76.7,A,"Miami, FL"
EXP0253,Carnation,Orange,8/1/2024,Colombia,USA,1080,3.97,4287.6,Air,Local Exporter,2,Box,5.3,62.4,C,"Los Angeles, CA"
EXP0254,Chrysanthemum,Pink,9/7/2024,Colombia,USA,333,3.45,1148.85,Sea,DHL,4,Plastic Wrap,4.3,72,B,"New York, NY"
EXP0255,Chrysanthemum,Pink,4/17/2024,Colombia,USA,2370,4.35,10309.5,Sea,FedEx,10,Plastic Wrap,4.4,81.4,A,"Miami, FL"
EXP0256,Rose,Orange,9/11/2024,Colombia,USA,872,2.73,2380.56,Sea,DHL,3,Crate,7.6,50.3,C,"Miami, FL"
EXP0257,Rose,White,11/25/2024,Colombia,USA,4085,1.69,6903.65,Sea,UPS,6,Crate,2.2,55.9,C,"New York, NY"
EXP0258,Rose,Orange,2/2/2024,Colombia,USA,4171,2.43,10135.53,Sea,FedEx,5,Box,7.9,71.8,C,"Dallas, TX"
EXP0259,Chrysanthemum,White,10/22/2024,Colombia,USA,4786,4.7,22494.2,Air,DHL,3,Plastic Wrap,6,63.8,C,"Los Angeles, CA"
EXP0260,Alstroemeria,Pink,4/12/2024,Colombia,USA,4233,1.41,5968.53,Air,Local Exporter,7,Crate,3.9,68.8,B,"Los Angeles, CA"
EXP0261,Chrysanthemum,Yellow,2/23/2024,Colombia,USA,1461,2.65,3871.65,Air,UPS,6,Plastic Wrap,4.8,77.7,B,"Miami, FL"
EXP0262,Carnation,Red,1/27/2024,Colombia,USA,1858,4.98,9252.84,Air,Local Exporter,5,Crate,7.4,53.6,C,"Miami, FL"
EXP0263,Alstroemeria,Pink,7/23/2024,Colombia,USA,3744,1.1,4118.4,Sea,Local Exporter,3,Crate,7.7,90,B,"Los Angeles, CA"
EXP0264,Tulip,Red,7/23/2024,Colombia,USA,565,2.41,1361.65,Air,FedEx,2,Box,4.8,89,A,"Miami, FL"
EXP0265,Chrysanthemum,Orange,5/25/2024,Colombia,USA,1355,3.95,5352.25,Air,UPS,8,Crate,2.4,59,C,"Miami, FL"
EXP0266,Tulip,Red,9/20/2024,Colombia,USA,2391,2.68,6407.88,Air,FedEx,10,Plastic Wrap,2.4,87.1,A,"Miami, FL"
EXP0267,Rose,Orange,7/24/2024,Colombia,USA,1968,4.09,8049.12,Sea,DHL,4,Plastic Wrap,7,62.1,B,"Miami, FL"
EXP0268,Tulip,White,6/9/2024,Colombia,USA,889,1.21,1075.69,Sea,FedEx,8,Box,6.6,54.1,B,"Miami, FL"
EXP0269,Chrysanthemum,Yellow,10/7/2024,Colombia,USA,557,3.09,1721.13,Air,FedEx,3,Plastic Wrap,3.2,75.8,B,"Miami, FL"
EXP0270,Carnation,White,4/17/2024,Colombia,USA,3052,3.91,11933.32,Sea,FedEx,9,Crate,2.9,56.2,C,"Miami, FL"
EXP0271,Chrysanthemum,Red,9/4/2024,Colombia,USA,3659,1.74,6366.66,Air,FedEx,3,Crate,7.3,85.3,C,"Miami, FL"
EXP0272,Carnation,Red,3/23/2024,Colombia,USA,206,1.79,368.74,Sea,DHL,2,Crate,5.6,72.4,C,"Dallas, TX"
EXP0273,Tulip,White,12/13/2024,Colombia,USA,428,5,2140,Sea,UPS,7,Plastic Wrap,5.1,78,A,"Los Angeles, CA"
EXP0274,Alstroemeria,Pink,1/13/2024,Colombia,USA,2600,3.39,8814,Air,UPS,4,Plastic Wrap,5.3,55.5,C,"New York, NY"
EXP0275,Carnation,White,4/27/2024,Colombia,USA,854,1.3,1110.2,Sea,UPS,8,Plastic Wrap,3.3,67,B,"Chicago, IL"
EXP0276,Alstroemeria,Pink,7/23/2024,Colombia,USA,2309,4.62,10667.58,Sea,Local Exporter,9,Box,3.1,55.5,B,"Los Angeles, CA"
EXP0277,Chrysanthemum,White,12/7/2024,Colombia,USA,3699,3.71,13723.29,Air,UPS,6,Crate,7.7,62.9,A,"Miami, FL"
EXP0278,Carnation,White,1/27/2024,Colombia,USA,759,1.62,1229.58,Air,DHL,4,Plastic Wrap,2,60.5,A,"Los Angeles, CA"
EXP0279,Carnation,White,7/26/2024,Colombia,USA,1917,4.87,9335.79,Sea,FedEx,2,Crate,6.4,73.1,A,"Los Angeles, CA"
EXP0280,Chrysanthemum,Red,1/4/2024,Colombia,USA,790,4.02,3175.8,Air,UPS,3,Box,7,73.5,B,"New York, NY"
EXP0281,Rose,White,12/15/2024,Colombia,USA,1408,2.39,3365.12,Air,Local Exporter,8,Crate,2.5,73.3,C,"Miami, FL"
EXP0282,Chrysanthemum,Yellow,7/16/2024,Colombia,USA,2349,4.26,10006.74,Sea,UPS,6,Plastic Wrap,5.2,54.5,C,"Miami, FL"
EXP0283,Alstroemeria,Pink,4/7/2024,Colombia,USA,1407,4.2,5909.4,Air,UPS,10,Plastic Wrap,3.9,72.4,B,"Miami, FL"
EXP0284,Tulip,Yellow,10/19/2024,Colombia,USA,998,1.52,1516.96,Air,DHL,3,Crate,4.7,74.7,C,"Miami, FL"
EXP0285,Carnation,Pink,9/25/2024,Colombia,USA,3007,1.19,3578.33,Sea,FedEx,3,Crate,8,79.1,B,"New York, NY"
EXP0286,Chrysanthemum,Pink,12/13/2024,Colombia,USA,349,3.47,1211.03,Air,FedEx,5,Plastic Wrap,4.6,67.2,A,"Los Angeles, CA"
EXP0287,Carnation,Orange,10/20/2024,Colombia,USA,2112,3.95,8342.4,Sea,UPS,5,Plastic Wrap,7.1,52.7,A,"Miami, FL"
EXP0288,Chrysanthemum,Orange,10/8/2024,Colombia,USA,3083,0.62,1911.46,Sea,FedEx,3,Crate,6.7,78.3,C,"Houston, TX"
EXP0289,Chrysanthemum,White,8/27/2024,Colombia,USA,4156,3.36,13964.16,Air,UPS,10,Box,3.7,67.4,A,"New York, NY"
EXP0290,Alstroemeria,Red,2/6/2024,Colombia,USA,4712,1.25,5890,Sea,Local Exporter,7,Box,6,68,B,"Miami, FL"
EXP0291,Carnation,Red,10/5/2024,Colombia,USA,4036,1.62,6538.32,Air,DHL,7,Plastic Wrap,3.7,67,C,"Miami, FL"
EXP0292,Chrysanthemum,Yellow,4/9/2024,Colombia,USA,3204,1.36,4357.44,Air,UPS,4,Box,4.3,53.1,B,"Miami, FL"
EXP0293,Rose,White,12/14/2024,Colombia,USA,2833,1.77,5014.41,Air,DHL,5,Box,2.3,60,B,"Miami, FL"
EXP0294,Carnation,White,5/14/2024,Colombia,USA,4074,3.08,12547.92,Sea,UPS,2,Plastic Wrap,5.1,82,C,"Miami, FL"
EXP0295,Carnation,White,8/15/2024,Colombia,USA,4506,3.15,14193.9,Air,DHL,4,Box,2.1,58.3,A,"Miami, FL"
EXP0296,Chrysanthemum,White,6/18/2024,Colombia,USA,3848,2.26,8696.48,Sea,FedEx,2,Plastic Wrap,4.9,74.9,B,"Miami, FL"
EXP0297,Carnation,Pink,5/10/2024,Colombia,USA,333,1.36,452.88,Sea,FedEx,9,Plastic Wrap,5.2,64.4,A,"Miami, FL"
EXP0298,Tulip,Orange,11/6/2024,Colombia,USA,2794,3.25,9080.5,Sea,UPS,3,Crate,6.1,66.1,B,"Dallas, TX"
EXP0299,Alstroemeria,White,10/23/2024,Colombia,USA,1756,2.47,4337.32,Sea,Local Exporter,9,Box,5.4,86.9,A,"Miami, FL"
EXP0300,Alstroemeria,Yellow,5/8/2024,Colombia,USA,1901,1.72,3269.72,Sea,Local Exporter,3,Box,3.4,58.6,A,"Los Angeles, CA"
EXP0301,Tulip,Yellow,5/27/2024,Colombia,USA,417,0.93,387.81,Air,UPS,7,Crate,6,72.4,A,"Miami, FL"
EXP0302,Carnation,Yellow,8/19/2024,Colombia,USA,239,4.23,1010.97,Air,DHL,3,Plastic Wrap,7.1,55.6,A,"Houston, TX"
EXP0303,Rose,Yellow,7/15/2024,Colombia,USA,4140,1.84,7617.6,Sea,Local Exporter,9,Crate,7.3,82.2,C,"Miami, FL"
EXP0304,Chrysanthemum,Red,3/2/2024,Colombia,USA,2753,4.44,12223.32,Air,UPS,10,Plastic Wrap,2.7,84.7,B,"Miami, FL"
EXP0305,Alstroemeria,Pink,1/14/2024,Colombia,USA,1394,4.79,6677.26,Sea,DHL,8,Box,4,86.3,C,"Seattle, WA"
EXP0306,Alstroemeria,Yellow,3/22/2024,Colombia,USA,4986,3.8,18946.8,Sea,FedEx,4,Plastic Wrap,4.2,62.2,B,"Dallas, TX"
EXP0307,Carnation,Yellow,1/12/2024,Colombia,USA,1009,4.37,4409.33,Sea,FedEx,2,Plastic Wrap,2.1,80.1,C,"Chicago, IL"
EXP0308,Alstroemeria,Yellow,8/2/2024,Colombia,USA,3805,3.22,12252.1,Air,DHL,7,Box,3.3,55.1,A,"Miami, FL"
EXP0309,Chrysanthemum,Red,1/15/2024,Colombia,USA,3854,1.06,4085.24,Air,FedEx,9,Box,2.1,64.4,B,"Miami, FL"
EXP0310,Alstroemeria,White,11/12/2024,Colombia,USA,4860,4.48,21772.8,Sea,Local Exporter,8,Box,5.3,65.3,A,"New York, NY"
EXP0311,Carnation,Yellow,4/19/2024,Colombia,USA,1505,3.18,4785.9,Air,Local Exporter,10,Crate,6.4,86.2,B,"Atlanta, GA"
EXP0312,Tulip,Pink,6/24/2024,Colombia,USA,129,2.9,374.1,Air,FedEx,5,Crate,6.1,72.9,C,"Los Angeles, CA"
EXP0313,Alstroemeria,Yellow,8/5/2024,Colombia,USA,4690,2.45,11490.5,Sea,UPS,10,Plastic Wrap,2.8,50.2,B,"Los Angeles, CA"
EXP0314,Tulip,Orange,6/26/2024,Colombia,USA,2606,4.73,12326.38,Air,Local Exporter,9,Plastic Wrap,3.8,73.5,B,"Miami, FL"
EXP0315,Tulip,Red,10/1/2024,Colombia,USA,813,4.81,3910.53,Air,Local Exporter,4,Plastic Wrap,4.3,76.5,A,"Chicago, IL"
EXP0316,Alstroemeria,Pink,12/1/2024,Colombia,USA,4216,4.99,21037.84,Air,UPS,4,Box,5.7,54,C,"Miami, FL"
EXP0317,Carnation,Pink,12/19/2024,Colombia,USA,3495,3.25,11358.75,Air,UPS,7,Plastic Wrap,5,81.7,C,"Miami, FL"
EXP0318,Rose,White,5/13/2024,Colombia,USA,4083,0.52,2123.16,Air,UPS,6,Crate,4,54,A,"Miami, FL"
EXP0319,Tulip,Orange,7/13/2024,Colombia,USA,3135,1.72,5392.2,Sea,DHL,7,Box,4.6,89.3,A,"Los Angeles, CA"
EXP0320,Carnation,White,1/16/2024,Colombia,USA,4003,4.23,16932.69,Sea,FedEx,5,Box,7.2,56.1,B,"Miami, FL"
EXP0321,Alstroemeria,White,8/26/2024,Colombia,USA,1930,3.45,6658.5,Air,DHL,10,Box,5.2,66,A,"Miami, FL"
EXP0322,Chrysanthemum,Yellow,12/16/2024,Colombia,USA,4911,1.6,7857.6,Sea,FedEx,5,Plastic Wrap,8,82.5,A,"New York, NY"
EXP0323,Chrysanthemum,Pink,7/17/2024,Colombia,USA,2834,1.54,4364.36,Sea,DHL,3,Plastic Wrap,4.3,78.5,C,"Miami, FL"
EXP0324,Alstroemeria,Yellow,4/6/2024,Colombia,USA,1315,4.17,5483.55,Sea,UPS,8,Crate,5.7,78.1,A,"Los Angeles, CA"
EXP0325,Carnation,White,5/27/2024,Colombia,USA,551,3.78,2082.78,Sea,UPS,6,Box,5.4,86.5,B,"Miami, FL"
EXP0326,Tulip,White,2/25/2024,Colombia,USA,2637,2.29,6038.73,Sea,DHL,5,Plastic Wrap,2.3,87.5,C,"Los Angeles, CA"
EXP0327,Alstroemeria,Orange,10/13/2024,Colombia,USA,3399,4.88,16587.12,Sea,Local Exporter,10,Box,3,66.9,C,"Los Angeles, CA"
EXP0328,Rose,White,10/26/2024,Colombia,USA,3435,2.4,8244,Sea,FedEx,6,Plastic Wrap,6,71.3,A,"Miami, FL"
EXP0329,Alstroemeria,Red,7/11/2024,Colombia,USA,1277,3.62,4622.74,Sea,FedEx,7,Box,4,86.1,B,"Miami, FL"
EXP0330,Tulip,White,4/9/2024,Colombia,USA,3572,4.8,17145.6,Sea,Local Exporter,2,Plastic Wrap,7.9,54,B,"Miami, FL"
EXP0331,Alstroemeria,Orange,1/14/2024,Colombia,USA,1380,0.5,690,Air,DHL,9,Plastic Wrap,7.4,88.9,A,"Miami, FL"
EXP0332,Chrysanthemum,White,5/12/2024,Colombia,USA,2328,2.11,4912.08,Air,FedEx,10,Box,6,85.5,A,"Houston, TX"
EXP0333,Rose,Red,4/3/2024,Colombia,USA,1426,3.62,5162.12,Air,FedEx,9,Crate,6.7,56.1,A,"Miami, FL"
EXP0334,Chrysanthemum,Red,4/24/2024,Colombia,USA,4783,2.08,9948.64,Sea,DHL,8,Plastic Wrap,7.5,51.3,A,"Chicago, IL"
EXP0335,Alstroemeria,Yellow,10/14/2024,Colombia,USA,800,1.61,1288,Air,Local Exporter,9,Crate,3.2,50.5,A,"Miami, FL"
EXP0336,Tulip,Orange,12/10/2024,Colombia,USA,2849,3.91,11139.59,Air,UPS,4,Crate,2.4,55.2,A,"New York, NY"
EXP0337,Rose,Pink,9/14/2024,Colombia,USA,316,0.68,214.88,Sea,UPS,3,Box,3.9,79.4,B,"Chicago, IL"
EXP0338,Rose,Pink,4/23/2024,Colombia,USA,2015,2.74,5521.1,Air,Local Exporter,2,Plastic Wrap,6.2,75.1,C,"Los Angeles, CA"
EXP0339,Tulip,Red,11/14/2024,Colombia,USA,593,0.89,527.77,Air,DHL,3,Box,5.6,70.2,B,"Los Angeles, CA"
EXP0340,Rose,White,2/27/2024,Colombia,USA,3532,4.52,15964.64,Sea,Local Exporter,2,Crate,5.1,90,A,"Miami, FL"
EXP0341,Tulip,Yellow,12/7/2024,Colombia,USA,771,3,2313,Air,Local Exporter,8,Box,2.4,63.6,B,"Miami, FL"
EXP0342,Carnation,White,3/18/2024,Colombia,USA,2742,1.65,4524.3,Air,FedEx,7,Crate,5.7,57.5,C,"Atlanta, GA"
EXP0343,Chrysanthemum,Red,10/24/2024,Colombia,USA,3978,0.77,3063.06,Air,FedEx,7,Box,5.3,54.4,B,"Chicago, IL"
EXP0344,Tulip,Yellow,7/19/2024,Colombia,USA,1960,4.7,9212,Sea,Local Exporter,4,Crate,3.1,61.4,C,"Seattle, WA"
EXP0345,Chrysanthemum,Red,7/23/2024,Colombia,USA,3847,4.26,16388.22,Air,DHL,7,Crate,4.5,66.8,B,"Miami, FL"
EXP0346,Alstroemeria,Red,4/4/2024,Colombia,USA,2029,3.28,6655.12,Sea,DHL,5,Crate,7,50.3,C,"New York, NY"
EXP0347,Alstroemeria,Red,6/2/2024,Colombia,USA,120,4.01,481.2,Air,Local Exporter,3,Plastic Wrap,2.1,61,C,"Atlanta, GA"
EXP0348,Tulip,Red,2/13/2024,Colombia,USA,3403,4.8,16334.4,Air,Local Exporter,8,Plastic Wrap,6.6,55.8,B,"Miami, FL"
EXP0349,Alstroemeria,Pink,5/10/2024,Colombia,USA,2905,4.45,12927.25,Sea,FedEx,4,Plastic Wrap,5.5,84.8,A,"Miami, FL"
EXP0350,Rose,Red,11/8/2024,Colombia,USA,3005,0.98,2944.9,Air,UPS,2,Plastic Wrap,2.6,81.9,C,"New York, NY"
EXP0351,Alstroemeria,Orange,2/1/2024,Colombia,USA,3842,4.39,16866.38,Sea,Local Exporter,9,Plastic Wrap,2,63.4,C,"Los Angeles, CA"
EXP0352,Chrysanthemum,Pink,10/9/2024,Colombia,USA,4507,3.42,15413.94,Air,Local Exporter,3,Plastic Wrap,5.4,87.9,B,"Chicago, IL"
EXP0353,Carnation,Pink,10/27/2024,Colombia,USA,767,3.47,2661.49,Sea,UPS,8,Plastic Wrap,7,70,C,"Miami, FL"
EXP0354,Rose,Yellow,10/25/2024,Colombia,USA,1517,4.87,7387.79,Sea,Local Exporter,2,Box,6.5,61.2,B,"Chicago, IL"
EXP0355,Carnation,Red,9/9/2024,Colombia,USA,1089,3.84,4181.76,Sea,UPS,4,Crate,4.3,63.3,B,"Miami, FL"
EXP0356,Tulip,White,1/15/2024,Colombia,USA,3378,3.4,11485.2,Sea,DHL,3,Plastic Wrap,4.1,55.5,C,"Miami, FL"
EXP0357,Rose,White,2/12/2024,Colombia,USA,2944,2.94,8655.36,Air,FedEx,3,Box,7.2,82.8,A,"Miami, FL"
EXP0358,Carnation,White,12/17/2024,Colombia,USA,228,0.77,175.56,Sea,FedEx,10,Plastic Wrap,3.5,86,C,"Chicago, IL"
EXP0359,Tulip,Orange,3/1/2024,Colombia,USA,194,4.17,808.98,Sea,FedEx,9,Crate,6.3,67.9,C,"New York, NY"
EXP0360,Carnation,Red,8/1/2024,Colombia,USA,1150,3.45,3967.5,Air,FedEx,10,Box,2.1,61.5,B,"Los Angeles, CA"
EXP0361,Alstroemeria,White,1/3/2024,Colombia,USA,412,2.32,955.84,Air,Local Exporter,3,Crate,4.4,79.6,B,"Miami, FL"
EXP0362,Alstroemeria,Pink,5/15/2024,Colombia,USA,2812,2.11,5933.32,Air,FedEx,5,Box,4.8,58.9,C,"Dallas, TX"
EXP0363,Chrysanthemum,White,10/21/2024,Colombia,USA,340,1.91,649.4,Sea,Local Exporter,9,Crate,6.5,57,B,"Miami, FL"
EXP0364,Tulip,Yellow,7/27/2024,Colombia,USA,3773,4.82,18185.86,Sea,FedEx,7,Box,7.3,60.3,C,"Chicago, IL"
EXP0365,Rose,Yellow,11/4/2024,Colombia,USA,4428,2.81,12442.68,Air,FedEx,6,Box,2.2,84.6,A,"Miami, FL"
EXP0366,Chrysanthemum,Orange,10/13/2024,Colombia,USA,140,4.99,698.6,Sea,DHL,10,Crate,6.1,67.8,B,"Miami, FL"
EXP0367,Carnation,Red,10/24/2024,Colombia,USA,4459,2.81,12529.79,Air,FedEx,9,Crate,6.5,88.2,C,"Los Angeles, CA"
EXP0368,Carnation,White,1/18/2024,Colombia,USA,2760,0.79,2180.4,Air,UPS,7,Crate,6.7,55.7,B,"Miami, FL"
EXP0369,Rose,Yellow,6/24/2024,Colombia,USA,224,1.46,327.04,Air,Local Exporter,2,Box,2.1,50.2,A,"New York, NY"
EXP0370,Carnation,Orange,10/14/2024,Colombia,USA,1863,0.66,1229.58,Air,FedEx,2,Box,3.7,54.1,B,"Los Angeles, CA"
EXP0371,Alstroemeria,Orange,1/13/2024,Colombia,USA,248,1.23,305.04,Air,Local Exporter,9,Plastic Wrap,3.6,60.9,B,"Miami, FL"
EXP0372,Chrysanthemum,Orange,9/4/2024,Colombia,USA,2102,4.69,9858.38,Sea,DHL,9,Plastic Wrap,3.4,72.9,C,"Dallas, TX"
EXP0373,Tulip,Red,12/3/2024,Colombia,USA,3771,2.57,9691.47,Air,DHL,3,Plastic Wrap,3.6,50.4,C,"Miami, FL"
EXP0374,Carnation,Red,2/28/2024,Colombia,USA,831,0.89,739.59,Air,UPS,4,Box,5.7,87,A,"Los Angeles, CA"
EXP0375,Tulip,Orange,4/17/2024,Colombia,USA,4171,1.28,5338.88,Air,DHL,2,Box,6.4,65.3,C,"Atlanta, GA"
EXP0376,Carnation,Pink,1/22/2024,Colombia,USA,3406,4.47,15224.82,Air,UPS,9,Crate,7.8,72.4,B,"New York, NY"
EXP0377,Tulip,Pink,3/21/2024,Colombia,USA,3009,2.86,8605.74,Air,Local Exporter,2,Crate,4.3,80.6,B,"Miami, FL"
EXP0378,Carnation,Red,3/7/2024,Colombia,USA,3495,2.82,9855.9,Sea,Local Exporter,8,Plastic Wrap,7.2,60.4,C,"Atlanta, GA"
EXP0379,Rose,Yellow,8/1/2024,Colombia,USA,3446,4.54,15644.84,Air,DHL,2,Plastic Wrap,4.6,81.6,B,"New York, NY"
EXP0380,Carnation,Orange,7/18/2024,Colombia,USA,431,1.87,805.97,Air,FedEx,9,Plastic Wrap,5.8,70.8,A,"Miami, FL"
EXP0381,Chrysanthemum,Yellow,3/27/2024,Colombia,USA,1532,3.27,5009.64,Sea,DHL,7,Plastic Wrap,4.2,85.3,A,"Miami, FL"
EXP0382,Chrysanthemum,Yellow,6/23/2024,Colombia,USA,150,3.42,513,Air,Local Exporter,6,Plastic Wrap,2,85.9,B,"Chicago, IL"
EXP0383,Carnation,Yellow,3/5/2024,Colombia,USA,1311,3.52,4614.72,Air,DHL,7,Box,6,54.6,C,"New York, NY"
EXP0384,Rose,Yellow,11/5/2024,Colombia,USA,4253,3.79,16118.87,Air,Local Exporter,10,Box,7.2,50.1,A,"Los Angeles, CA"
EXP0385,Chrysanthemum,Yellow,4/25/2024,Colombia,USA,4804,1.82,8743.28,Air,DHL,3,Plastic Wrap,6.8,87.6,C,"Dallas, TX"
EXP0386,Chrysanthemum,Orange,10/8/2024,Colombia,USA,4387,1.29,5659.23,Air,Local Exporter,10,Crate,5.5,82.3,A,"Chicago, IL"
EXP0387,Alstroemeria,Pink,2/15/2024,Colombia,USA,368,0.8,294.4,Air,DHL,7,Crate,4.8,59.1,A,"Miami, FL"
EXP0388,Rose,White,3/18/2024,Colombia,USA,1459,4.22,6156.98,Air,DHL,5,Plastic Wrap,4,57,C,"Miami, FL"
EXP0389,Tulip,Yellow,1/7/2024,Colombia,USA,1913,0.96,1836.48,Sea,Local Exporter,7,Crate,4.2,56.3,A,"Miami, FL"
EXP0390,Chrysanthemum,Pink,3/10/2024,Colombia,USA,995,1.94,1930.3,Air,UPS,7,Plastic Wrap,2.4,80.1,C,"New York, NY"
EXP0391,Carnation,Orange,1/5/2024,Colombia,USA,1145,2.82,3228.9,Sea,Local Exporter,6,Crate,6.3,53.2,A,"Miami, FL"
EXP0392,Tulip,Pink,11/22/2024,Colombia,USA,1420,4.58,6503.6,Sea,DHL,8,Plastic Wrap,2.6,79,B,"Los Angeles, CA"
EXP0393,Carnation,Pink,10/9/2024,Colombia,USA,3448,4.89,16860.72,Air,DHL,7,Crate,7.3,70,B,"Chicago, IL"
EXP0394,Chrysanthemum,Red,11/8/2024,Colombia,USA,4877,3.61,17605.97,Air,Local Exporter,5,Plastic Wrap,5.7,75.3,A,"Dallas, TX"
EXP0395,Rose,Yellow,10/24/2024,Colombia,USA,347,4.96,1721.12,Air,FedEx,4,Plastic Wrap,5.2,84.2,A,"Miami, FL"
EXP0396,Alstroemeria,Red,8/22/2024,Colombia,USA,4342,3.25,14111.5,Sea,DHL,2,Crate,7.1,50.5,B,"Chicago, IL"
EXP0397,Alstroemeria,Yellow,8/17/2024,Colombia,USA,1950,2.35,4582.5,Sea,DHL,2,Box,5.7,59,A,"Miami, FL"
EXP0398,Tulip,Orange,2/20/2024,Colombia,USA,1706,1.26,2149.56,Sea,DHL,5,Crate,4.4,83.4,A,"Chicago, IL"
EXP0399,Tulip,Orange,2/7/2024,Colombia,USA,891,2.88,2566.08,Sea,UPS,9,Plastic Wrap,5.5,88.9,B,"Miami, FL"
EXP0400,Chrysanthemum,Red,9/22/2024,Colombia,USA,3191,2.09,6669.19,Air,FedEx,2,Crate,4.6,81.4,B,"Miami, FL"
EXP0401,Tulip,Yellow,1/3/2024,Colombia,USA,1509,4.54,6850.86,Air,DHL,2,Box,7.5,66.1,C,"Chicago, IL"
EXP0402,Tulip,Orange,9/14/2024,Colombia,USA,4162,2.9,12069.8,Air,Local Exporter,2,Plastic Wrap,5.1,69,C,"Miami, FL"
EXP0403,Alstroemeria,Red,3/19/2024,Colombia,USA,2756,3.74,10307.44,Sea,UPS,4,Plastic Wrap,2.8,66.9,B,"Miami, FL"
EXP0404,Chrysanthemum,White,10/12/2024,Colombia,USA,2754,4.81,13246.74,Sea,FedEx,10,Plastic Wrap,3.6,57.8,B,"New York, NY"
EXP0405,Alstroemeria,Pink,7/22/2024,Colombia,USA,4064,4.26,17312.64,Air,DHL,3,Box,4.8,67.1,C,"New York, NY"
EXP0406,Carnation,Orange,11/27/2024,Colombia,USA,988,4.57,4515.16,Air,FedEx,6,Plastic Wrap,2.6,78.1,C,"New York, NY"
EXP0407,Chrysanthemum,White,11/6/2024,Colombia,USA,2695,4.89,13178.55,Sea,Local Exporter,8,Box,2.3,73.4,C,"New York, NY"
EXP0408,Alstroemeria,Yellow,6/1/2024,Colombia,USA,1055,2.38,2510.9,Sea,UPS,5,Plastic Wrap,4,67.1,C,"Los Angeles, CA"
EXP0409,Carnation,Orange,12/6/2024,Colombia,USA,3099,2.08,6445.92,Sea,Local Exporter,10,Crate,6.3,59.4,B,"Miami, FL"
EXP0410,Chrysanthemum,Red,12/5/2024,Colombia,USA,659,0.61,401.99,Air,FedEx,6,Box,3.5,50.4,C,"Miami, FL"
EXP0411,Alstroemeria,Pink,4/23/2024,Colombia,USA,715,1.28,915.2,Sea,Local Exporter,7,Box,2.6,88.7,A,"Miami, FL"
EXP0412,Rose,Red,11/26/2024,Colombia,USA,1121,3.33,3732.93,Sea,Local Exporter,8,Box,7.5,84.1,C,"Atlanta, GA"
EXP0413,Tulip,Orange,1/3/2024,Colombia,USA,994,3.19,3170.86,Air,Local Exporter,2,Plastic Wrap,7,60.3,A,"Los Angeles, CA"
EXP0414,Chrysanthemum,Red,5/18/2024,Colombia,USA,1438,0.61,877.18,Air,Local Exporter,8,Crate,2.2,70.3,B,"Miami, FL"
EXP0415,Alstroemeria,Red,1/21/2024,Colombia,USA,1541,4.6,7088.6,Air,FedEx,10,Crate,7.6,83.9,B,"Los Angeles, CA"
EXP0416,Tulip,White,3/28/2024,Colombia,USA,1813,0.69,1250.97,Sea,DHL,10,Box,2.4,53.3,C,"Atlanta, GA"
EXP0417,Carnation,Orange,7/14/2024,Colombia,USA,4421,2.47,10919.87,Sea,DHL,6,Crate,4.9,79.3,B,"Miami, FL"
EXP0418,Alstroemeria,Yellow,8/14/2024,Colombia,USA,4968,1.36,6756.48,Sea,UPS,6,Plastic Wrap,2.9,84.6,B,"Los Angeles, CA"
EXP0419,Carnation,Red,7/23/2024,Colombia,USA,4062,1.28,5199.36,Sea,DHL,9,Plastic Wrap,2.9,85.5,C,"Los Angeles, CA"
EXP0420,Carnation,Red,12/6/2024,Colombia,USA,2138,4.05,8658.9,Air,Local Exporter,4,Crate,5.1,70.2,B,"New York, NY"
EXP0421,Carnation,Orange,9/22/2024,Colombia,USA,3562,2.11,7515.82,Sea,FedEx,10,Crate,5,74.8,B,"Miami, FL"
EXP0422,Alstroemeria,Pink,3/17/2024,Colombia,USA,551,4.37,2407.87,Sea,FedEx,7,Plastic Wrap,6.9,76.6,B,"Dallas, TX"
EXP0423,Carnation,Red,2/8/2024,Colombia,USA,2332,1.95,4547.4,Air,Local Exporter,2,Crate,5.7,80.7,A,"Atlanta, GA"
EXP0424,Alstroemeria,Orange,1/24/2024,Colombia,USA,733,4.69,3437.77,Air,Local Exporter,10,Plastic Wrap,6,77.9,B,"Los Angeles, CA"
EXP0425,Tulip,Orange,5/2/2024,Colombia,USA,1384,3.89,5383.76,Sea,FedEx,4,Box,6.9,59.8,A,"New York, NY"
EXP0426,Rose,Red,11/27/2024,Colombia,USA,1347,3.62,4876.14,Sea,UPS,5,Box,2.6,60,C,"Atlanta, GA"
EXP0427,Tulip,Pink,12/2/2024,Colombia,USA,236,4.15,979.4,Air,FedEx,5,Box,5.9,76.9,C,"New York, NY"
EXP0428,Chrysanthemum,White,11/21/2024,Colombia,USA,2734,3.72,10170.48,Air,UPS,5,Plastic Wrap,4.7,60.4,B,"Miami, FL"
EXP0429,Alstroemeria,Orange,7/17/2024,Colombia,USA,1899,2,3798,Air,DHL,6,Box,7.8,50.7,C,"Los Angeles, CA"
EXP0430,Chrysanthemum,Red,7/25/2024,Colombia,USA,2690,2.57,6913.3,Sea,UPS,3,Box,2.9,64.1,B,"New York, NY"
EXP0431,Rose,Pink,8/17/2024,Colombia,USA,3991,2.2,8780.2,Sea,FedEx,9,Crate,6,70.9,A,"Miami, FL"
EXP0432,Rose,Red,12/27/2024,Colombia,USA,3297,0.6,1978.2,Air,FedEx,7,Box,6.1,59.3,A,"New York, NY"
EXP0433,Alstroemeria,Orange,11/22/2024,Colombia,USA,2436,3.37,8209.32,Air,Local Exporter,5,Box,7.4,76.3,C,"Atlanta, GA"
EXP0434,Rose,Pink,10/9/2024,Colombia,USA,1797,2.25,4043.25,Sea,DHL,10,Crate,4.5,60,B,"Atlanta, GA"
EXP0435,Chrysanthemum,Yellow,8/28/2024,Colombia,USA,4770,2.11,10064.7,Sea,UPS,10,Box,3.4,77.4,B,"Los Angeles, CA"
EXP0436,Tulip,Yellow,12/3/2024,Colombia,USA,937,3.89,3644.93,Sea,DHL,6,Crate,7.9,52.5,B,"Miami, FL"
EXP0437,Chrysanthemum,Yellow,12/16/2024,Colombia,USA,211,1.04,219.44,Air,UPS,3,Box,4.8,81.7,B,"Houston, TX"
EXP0438,Tulip,Yellow,1/22/2024,Colombia,USA,2196,3.66,8037.36,Air,Local Exporter,9,Plastic Wrap,3.4,53.3,A,"Chicago, IL"
EXP0439,Tulip,Red,8/22/2024,Colombia,USA,2184,0.82,1790.88,Air,FedEx,6,Plastic Wrap,3.1,74.9,C,"Miami, FL"
EXP0440,Alstroemeria,Pink,6/2/2024,Colombia,USA,3586,1.49,5343.14,Sea,Local Exporter,2,Crate,4.2,56.2,A,"Atlanta, GA"
EXP0441,Tulip,White,6/21/2024,Colombia,USA,3538,4.9,17336.2,Sea,DHL,10,Box,6.4,60.4,B,"Dallas, TX"
EXP0442,Rose,Pink,7/7/2024,Colombia,USA,2532,2.6,6583.2,Sea,UPS,5,Crate,6.6,82.7,B,"Los Angeles, CA"
EXP0443,Carnation,Red,3/13/2024,Colombia,USA,2923,1.9,5553.7,Sea,Local Exporter,5,Crate,3.6,64.8,A,"Los Angeles, CA"
EXP0444,Alstroemeria,Yellow,4/7/2024,Colombia,USA,771,4.66,3592.86,Air,FedEx,5,Box,4.1,81.9,C,"Miami, FL"
EXP0445,Carnation,Yellow,6/21/2024,Colombia,USA,4457,0.88,3922.16,Air,UPS,10,Box,3.5,71.7,B,"Miami, FL"
EXP0446,Rose,Pink,6/3/2024,Colombia,USA,3085,1.63,5028.55,Sea,FedEx,3,Box,3.5,74.7,C,"Miami, FL"
EXP0447,Tulip,Pink,4/7/2024,Colombia,USA,1501,2.43,3647.43,Sea,Local Exporter,5,Plastic Wrap,6.9,78.2,B,"Chicago, IL"
EXP0448,Carnation,White,2/24/2024,Colombia,USA,4380,1.79,7840.2,Air,Local Exporter,8,Box,2.4,75.2,C,"Miami, FL"
EXP0449,Carnation,Yellow,6/1/2024,Colombia,USA,583,2.98,1737.34,Sea,Local Exporter,6,Plastic Wrap,5,81.2,C,"Miami, FL"
EXP0450,Chrysanthemum,White,1/8/2024,Colombia,USA,1071,2.7,2891.7,Air,DHL,5,Plastic Wrap,3.6,74.4,C,"Miami, FL"
EXP0451,Rose,Pink,11/6/2024,Colombia,USA,2947,2.85,8398.95,Air,FedEx,9,Box,5.7,65.4,A,"Los Angeles, CA"
EXP0452,Chrysanthemum,Orange,4/27/2024,Colombia,USA,3206,3.87,12407.22,Sea,FedEx,10,Crate,3.2,67.2,A,"Atlanta, GA"
EXP0453,Carnation,Pink,3/22/2024,Colombia,USA,4212,4.95,20849.4,Air,FedEx,6,Box,6.8,73.5,B,"Miami, FL"
EXP0454,Rose,Red,5/4/2024,Colombia,USA,2064,4.79,9886.56,Air,DHL,4,Crate,4.9,87.8,C,"Miami, FL"
EXP0455,Carnation,Pink,9/20/2024,Colombia,USA,2767,0.91,2517.97,Air,UPS,2,Crate,6.5,59.3,B,"New York, NY"
EXP0456,Carnation,Orange,8/15/2024,Colombia,USA,3341,3.76,12562.16,Air,FedEx,10,Box,2.6,79.7,B,"Los Angeles, CA"
EXP0457,Rose,Orange,1/11/2024,Colombia,USA,4774,4.95,23631.3,Air,FedEx,10,Crate,6.6,89.5,C,"Miami, FL"
EXP0458,Carnation,Red,10/19/2024,Colombia,USA,2585,4.87,12588.95,Sea,Local Exporter,5,Box,5.4,58.8,C,"Los Angeles, CA"
EXP0459,Tulip,Yellow,10/20/2024,Colombia,USA,4428,4.95,21918.6,Air,UPS,10,Crate,4.8,84.4,C,"Miami, FL"
EXP0460,Alstroemeria,Yellow,2/5/2024,Colombia,USA,3841,3.75,14403.75,Air,FedEx,5,Plastic Wrap,2.1,66.9,A,"Miami, FL"
EXP0461,Rose,White,2/3/2024,Colombia,USA,2089,3.32,6935.48,Air,UPS,8,Plastic Wrap,7.5,69.1,C,"Los Angeles, CA"
EXP0462,Carnation,Yellow,5/1/2024,Colombia,USA,4028,4,16112,Sea,FedEx,2,Crate,2.2,89.6,C,"Miami, FL"
EXP0463,Carnation,Orange,2/6/2024,Colombia,USA,3082,2.17,6687.94,Air,Local Exporter,7,Plastic Wrap,6.5,57.9,A,"Atlanta, GA"
EXP0464,Chrysanthemum,Pink,3/25/2024,Colombia,USA,3371,0.51,1719.21,Sea,UPS,8,Plastic Wrap,2.4,54.1,B,"Miami, FL"
EXP0465,Rose,White,9/7/2024,Colombia,USA,412,3.42,1409.04,Air,FedEx,7,Plastic Wrap,3.1,57.3,B,"Los Angeles, CA"
EXP0466,Rose,Orange,6/1/2024,Colombia,USA,864,4.69,4052.16,Sea,FedEx,9,Plastic Wrap,5.7,88.5,C,"New York, NY"
EXP0467,Chrysanthemum,Orange,9/16/2024,Colombia,USA,3481,4.18,14550.58,Sea,Local Exporter,9,Box,4.6,57.5,B,"Miami, FL"
EXP0468,Carnation,Red,10/24/2024,Colombia,USA,678,3.53,2393.34,Air,DHL,10,Plastic Wrap,7.4,89,A,"New York, NY"
EXP0469,Carnation,Yellow,8/11/2024,Colombia,USA,469,4.55,2133.95,Sea,UPS,3,Plastic Wrap,7.3,72.6,C,"Miami, FL"
EXP0470,Rose,White,3/15/2024,Colombia,USA,2698,0.99,2671.02,Air,UPS,8,Box,2.4,57.6,C,"Seattle, WA"
EXP0471,Chrysanthemum,White,4/8/2024,Colombia,USA,3098,0.82,2540.36,Sea,FedEx,2,Crate,4.8,69.7,B,"Miami, FL"
EXP0472,Alstroemeria,Orange,4/10/2024,Colombia,USA,3192,2.93,9352.56,Air,UPS,2,Crate,8,88.5,B,"Miami, FL"
EXP0473,Chrysanthemum,Red,3/11/2024,Colombia,USA,4817,2.12,10212.04,Sea,UPS,7,Crate,6.1,80.8,C,"Miami, FL"
EXP0474,Tulip,Yellow,1/23/2024,Colombia,USA,2984,1.87,5580.08,Sea,UPS,7,Plastic Wrap,6.8,72.4,A,"Houston, TX"
EXP0475,Rose,Yellow,11/9/2024,Colombia,USA,851,4.39,3735.89,Air,UPS,2,Plastic Wrap,5.8,86.2,B,"Los Angeles, CA"
EXP0476,Chrysanthemum,Red,5/26/2024,Colombia,USA,356,0.97,345.32,Air,Local Exporter,7,Crate,4.8,84.3,B,"Los Angeles, CA"
EXP0477,Chrysanthemum,Red,9/17/2024,Colombia,USA,4252,3.76,15987.52,Sea,FedEx,9,Crate,4.5,77.3,B,"Miami, FL"
EXP0478,Carnation,Red,11/18/2024,Colombia,USA,660,4.57,3016.2,Sea,UPS,9,Plastic Wrap,2,54.5,C,"New York, NY"
EXP0479,Carnation,Pink,4/9/2024,Colombia,USA,494,4.94,2440.36,Sea,UPS,7,Box,6.9,69.5,A,"Miami, FL"
EXP0480,Alstroemeria,Yellow,12/28/2024,Colombia,USA,2933,2.41,7068.53,Air,UPS,7,Crate,3.3,53,C,"Dallas, TX"
EXP0481,Alstroemeria,Red,5/13/2024,Colombia,USA,1202,0.68,817.36,Sea,FedEx,5,Crate,3.5,71.7,B,"Miami, FL"
EXP0482,Rose,White,11/23/2024,Colombia,USA,3518,3.9,13720.2,Air,DHL,3,Plastic Wrap,6.3,83.7,A,"Miami, FL"
EXP0483,Tulip,Red,6/7/2024,Colombia,USA,4311,4.56,19658.16,Air,UPS,10,Plastic Wrap,4.4,88.4,B,"Miami, FL"
EXP0484,Chrysanthemum,White,11/8/2024,Colombia,USA,4111,2.05,8427.55,Air,FedEx,2,Plastic Wrap,6.5,59,B,"Los Angeles, CA"
EXP0485,Carnation,Pink,9/23/2024,Colombia,USA,295,4.88,1439.6,Sea,UPS,2,Plastic Wrap,4.1,56,C,"Los Angeles, CA"
EXP0486,Rose,White,4/1/2024,Colombia,USA,937,3.41,3195.17,Sea,FedEx,7,Box,6.5,51.5,C,"Miami, FL"
EXP0487,Carnation,White,2/23/2024,Colombia,USA,1288,0.58,747.04,Air,DHL,7,Crate,3.5,75.4,C,"Chicago, IL"
EXP0488,Chrysanthemum,Red,10/7/2024,Colombia,USA,1546,0.73,1128.58,Air,FedEx,2,Box,6.1,50.2,C,"Los Angeles, CA"
EXP0489,Carnation,Orange,5/2/2024,Colombia,USA,808,3.75,3030,Air,DHL,4,Box,5.4,69.3,A,"Los Angeles, CA"
EXP0490,Alstroemeria,Red,8/7/2024,Colombia,USA,2678,1.95,5222.1,Air,Local Exporter,7,Crate,6.2,60.7,A,"Miami, FL"
EXP0491,Carnation,Orange,2/4/2024,Colombia,USA,1847,1.98,3657.06,Air,Local Exporter,3,Plastic Wrap,2.2,57.2,C,"Miami, FL"
EXP0492,Carnation,Orange,5/1/2024,Colombia,USA,361,4.84,1747.24,Air,UPS,10,Crate,6.5,74.6,B,"Los Angeles, CA"
EXP0493,Carnation,White,4/21/2024,Colombia,USA,2161,4.48,9681.28,Air,Local Exporter,4,Plastic Wrap,6.6,89.5,A,"Miami, FL"
EXP0494,Carnation,Pink,9/19/2024,Colombia,USA,2704,2.17,5867.68,Sea,FedEx,8,Box,6.8,77.9,C,"Miami, FL"
EXP0495,Rose,Pink,11/10/2024,Colombia,USA,1712,3.22,5512.64,Air,DHL,7,Plastic Wrap,6,55.1,C,"Dallas, TX"
EXP0496,Rose,Yellow,10/9/2024,Colombia,USA,3750,3.13,11737.5,Air,UPS,5,Crate,6.3,77.1,B,"Atlanta, GA"
EXP0497,Carnation,Yellow,2/23/2024,Colombia,USA,3467,3.54,12273.18,Air,UPS,9,Crate,7.2,66.1,A,"Miami, FL"
EXP0498,Tulip,Red,3/16/2024,Colombia,USA,196,1.9,372.4,Air,DHL,4,Box,2.6,55.6,C,"Miami, FL"
EXP0499,Alstroemeria,Orange,7/19/2024,Colombia,USA,2077,0.53,1100.81,Sea,FedEx,4,Crate,4.9,53.1,A,"New York, NY"
EXP0500,Chrysanthemum,White,7/7/2024,Colombia,USA,1852,0.8,1481.6,Sea,Local Exporter,6,Crate,2.9,67.7,B,"Miami, FL"
EXP-2024-0001,Rose,Freedom,2/14/2024,Ecuador,United States,1068,6.5,6942,Air,American Airlines Cargo,3,Ventilated Box,3.4,95,Premium,"New York, NY"
EXP-2024-0002,Rose,Freedom,10/6/2024,Ecuador,United States,855,7.77,6643.35,Air,American Airlines Cargo,3,Ventilated Box,0.6,88,Premium,"Miami, FL"
EXP-2024-0003,Gypsophila,Xlence,4/20/2024,Ecuador,United States,1126,5.28,5945.28,Air,KLM Cargo,1,Sleeved Box,1.1,91,A,"Miami, FL"
EXP-2024-0004,Rose,Freedom,3/4/2024,Ecuador,United States,1530,9.31,14244.3,Air,Emirates SkyCargo,3,Ventilated Box,2.9,85,Premium,"New York, NY"
EXP-2024-0005,Rose,Pink Floyd,2/10/2024,Ecuador,United States,827,8.1,6698.7,Air,Emirates SkyCargo,2,Plastic Crate,3.3,85,Premium,"New York, NY"
EXP-2024-0006,Rose,Explorer,11/27/2024,Ecuador,United States,827,6.23,5152.21,Air,Emirates SkyCargo,3,Corrugated Box,1.9,95,A,"Chicago, IL"
EXP-2024-0007,Gypsophila,Million Star,1/29/2024,Ecuador,United States,1560,3.81,5943.6,Air,Kenya Airways Cargo,2,Plastic Crate,4.2,93,A,"New York, NY"
EXP-2024-0008,Rose,Vendela,7/21/2024,Ecuador,United States,1174,6.45,7572.3,Air,LATAM Cargo,2,Ventilated Box,4.3,90,A,"Los Angeles, CA"
EXP-2024-0009,Gypsophila,Xlence,3/11/2024,Ecuador,United States,761,5.24,3987.64,Air,DHL Aviation,1,Ventilated Box,2.2,94,A+,"Miami, FL"
EXP-2024-0010,Rose,Freedom,7/14/2024,Ecuador,United States,1085,8.32,9027.2,Sea,MSC,12,Ventilated Box,2.6,91,A+,"Miami, FL"
EXP-2024-0011,Alstroemeria,Regina,11/24/2024,Ecuador,United States,763,6.38,4867.94,Sea,Maersk,15,Sleeved Box,1.2,93,Premium,"Miami, FL"
EXP-2024-0012,Rose,Vendela,9/16/2024,Ecuador,United States,762,5.51,4198.62,Air,Aeromxico Cargo,1,Corrugated Box,3.4,89,Export,"Miami, FL"
EXP-2024-0013,Alstroemeria,Regina,1/1/2024,Ecuador,United States,977,4.53,4425.81,Air,American Airlines Cargo,3,Sleeved Box,3.6,93,Export,"Seattle, WA"
EXP-2024-0014,Carnation,Baltico,10/17/2024,Ecuador,United States,459,6.14,2818.26,Air,Emirates SkyCargo,1,Corrugated Box,3.8,89,A,"Miami, FL"
EXP-2024-0015,Rose,Explorer,5/15/2024,Ecuador,United States,490,8.95,4385.5,Sea,Hamburg Sd,10,Ventilated Box,1.3,92,Export,"Dallas, TX"
EXP-2024-0016,Gypsophila,Million Star,3/2/2024,Ecuador,United States,737,5.99,4414.63,Air,Kenya Airways Cargo,2,Plastic Crate,3.1,92,Export,"New York, NY"
EXP-2024-0017,Gypsophila,Million Star,1/17/2024,Ecuador,United States,629,4.77,3000.33,Air,American Airlines Cargo,1,Sleeved Box,0.5,95,A,"Chicago, IL"
EXP-2024-0018,Rose,Pink Floyd,8/30/2024,Ecuador,United States,1002,6.46,6472.92,Air,Aeromxico Cargo,1,Ventilated Box,1,94,A+,"Los Angeles, CA"
EXP-2024-0019,Gypsophila,Million Star,2/20/2024,Ecuador,United States,653,4.06,2651.18,Air,Kenya Airways Cargo,3,Corrugated Box,2.1,85,Premium,"Los Angeles, CA"
EXP-2024-0020,Carnation,Moonlight,5/22/2024,Ecuador,United States,547,4.25,2324.75,Air,LATAM Cargo,1,Ventilated Box,1.3,92,A,"Los Angeles, CA"
EXP-2024-0021,Gypsophila,Million Star,3/26/2024,Ecuador,United States,1499,3.15,4721.85,Air,LATAM Cargo,1,Ventilated Box,4.5,85,Export,"Miami, FL"
EXP-2024-0022,Carnation,Lege Marrone,8/20/2024,Ecuador,United States,829,6.21,5148.09,Air,Kenya Airways Cargo,2,Sleeved Box,1.2,85,Export,"New York, NY"
EXP-2024-0023,Carnation,Moonlight,10/23/2024,Ecuador,United States,919,5.49,5045.31,Sea,Hamburg Sd,9,Corrugated Box,2,88,A,"Miami, FL"
EXP-2024-0024,Alstroemeria,Candy,2/11/2024,Ecuador,United States,545,5.76,3139.2,Air,Aeromxico Cargo,3,Plastic Crate,3.9,87,A,"Miami, FL"
EXP-2024-0025,Rose,Pink Floyd,1/21/2024,Ecuador,United States,742,7.32,5431.44,Air,American Airlines Cargo,3,Corrugated Box,4.3,94,A,"New York, NY"
EXP-2024-0026,Carnation,Moonlight,3/8/2024,Ecuador,United States,933,6.3,5877.9,Air,Emirates SkyCargo,2,Sleeved Box,1.3,90,A,"Miami, FL"
EXP-2024-0027,Carnation,Lege Marrone,10/2/2024,Ecuador,United States,600,3.53,2118,Sea,Maersk,9,Plastic Crate,2.2,94,Export,"Atlanta, GA"
EXP-2024-0028,Alstroemeria,Candy,12/26/2024,Ecuador,United States,1024,7.08,7249.92,Sea,Maersk,13,Sleeved Box,1.7,87,A+,"Seattle, WA"
EXP-2024-0029,Rose,Pink Floyd,10/10/2024,Ecuador,United States,727,9.73,7073.71,Air,LATAM Cargo,3,Plastic Crate,1,86,Export,"Atlanta, GA"
EXP-2024-0030,Alstroemeria,Inca Ice,1/27/2024,Ecuador,United States,810,4.71,3815.1,Air,Emirates SkyCargo,2,Corrugated Box,3,89,A+,"Miami, FL"
EXP-2024-0031,Carnation,Lege Marrone,10/9/2024,Ecuador,United States,727,5.81,4223.87,Air,Emirates SkyCargo,2,Ventilated Box,3,89,A,"Miami, FL"
EXP-2024-0032,Rose,Freedom,3/6/2024,Ecuador,United States,1716,7.96,13659.36,Air,Avianca Cargo,2,Corrugated Box,3.8,94,A+,"Atlanta, GA"
EXP-2024-0033,Alstroemeria,Inca Ice,10/13/2024,Ecuador,United States,893,7.15,6384.95,Sea,Maersk,11,Ventilated Box,1.4,88,Premium,"Miami, FL"
EXP-2024-0034,Gypsophila,Million Star,12/8/2024,Ecuador,United States,620,5.64,3496.8,Sea,MSC,12,Plastic Crate,1,90,Premium,"Seattle, WA"
EXP-2024-0035,Alstroemeria,Candy,6/28/2024,Ecuador,United States,1197,5.34,6391.98,Air,LATAM Cargo,2,Sleeved Box,0.7,92,A,"Seattle, WA"
EXP-2024-0036,Gypsophila,Million Star,6/28/2024,Ecuador,United States,585,4.2,2457,Air,American Airlines Cargo,2,Ventilated Box,1.6,86,Export,"Dallas, TX"
EXP-2024-0037,Alstroemeria,Candy,8/10/2024,Ecuador,United States,965,4.62,4458.3,Air,DHL Aviation,3,Sleeved Box,4.4,89,A,"Miami, FL"
EXP-2024-0038,Alstroemeria,Inca Ice,1/1/2024,Ecuador,United States,452,5.35,2418.2,Air,LATAM Cargo,2,Plastic Crate,2.8,89,A,"Miami, FL"
EXP-2024-0039,Alstroemeria,Inca Ice,9/16/2024,Ecuador,United States,564,6.18,3485.52,Air,Emirates SkyCargo,2,Sleeved Box,3.2,86,Premium,"Dallas, TX"
EXP-2024-0040,Carnation,Lege Marrone,3/30/2024,Ecuador,United States,961,5.16,4958.76,Air,DHL Aviation,3,Sleeved Box,1.3,95,Export,"Miami, FL"
EXP-2024-0041,Gerbera,Bolero,8/26/2024,Netherlands,United States,1162,5,5810,Air,DHL Aviation,2,Ventilated Box,2.2,94,Premium,"Miami, FL"
EXP-2024-0042,Gerbera,Bolero,9/20/2024,Netherlands,United States,953,6.78,6461.34,Air,Aeromxico Cargo,2,Sleeved Box,4.3,87,Premium,"Los Angeles, CA"
EXP-2024-0043,Tulip,Queen of Night,11/8/2024,Netherlands,United States,862,7.23,6232.26,Air,American Airlines Cargo,2,Corrugated Box,1.1,85,A,"Atlanta, GA"
EXP-2024-0044,Gerbera,Arielle,12/1/2024,Netherlands,United States,808,4.68,3781.44,Sea,Hamburg Sd,11,Corrugated Box,2.4,92,A+,"New York, NY"
EXP-2024-0045,Tulip,Strong Gold,12/7/2024,Netherlands,United States,535,4.2,2247,Air,Aeromxico Cargo,2,Sleeved Box,1.5,86,A+,"Los Angeles, CA"
EXP-2024-0046,Gerbera,Bolero,8/18/2024,Netherlands,United States,697,6.91,4816.27,Air,Kenya Airways Cargo,2,Sleeved Box,2.7,87,Premium,"Miami, FL"
EXP-2024-0047,Chrysanthemum,Pina Colada,5/19/2024,Netherlands,United States,764,5.69,4347.16,Air,Aeromxico Cargo,1,Sleeved Box,1.6,86,Premium,"New York, NY"
EXP-2024-0048,Lily,Siberia,6/18/2024,Netherlands,United States,1299,5.93,7703.07,Air,Avianca Cargo,2,Ventilated Box,3.3,88,A,"Houston, TX"
EXP-2024-0049,Gerbera,Jaguar,9/1/2024,Netherlands,United States,1012,5.36,5424.32,Air,Kenya Airways Cargo,2,Corrugated Box,3.6,85,Export,"Miami, FL"
EXP-2024-0050,Lily,Casa Blanca,4/22/2024,Netherlands,United States,484,7.15,3460.6,Air,Kenya Airways Cargo,2,Sleeved Box,3.4,94,Export,"Los Angeles, CA"
EXP-2024-0051,Gerbera,Arielle,11/14/2024,Netherlands,United States,1005,6.34,6371.7,Air,Emirates SkyCargo,1,Corrugated Box,3.7,87,Premium,"Dallas, TX"
EXP-2024-0052,Gerbera,Bolero,7/13/2024,Netherlands,United States,784,4.29,3363.36,Air,KLM Cargo,2,Sleeved Box,2.2,92,A,"New York, NY"
EXP-2024-0053,Chrysanthemum,Baltica,8/28/2024,Netherlands,United States,708,4.47,3164.76,Air,Kenya Airways Cargo,1,Corrugated Box,4.3,91,A,"New York, NY"
EXP-2024-0054,Tulip,Princess Irene,1/11/2024,Netherlands,United States,1112,7.12,7917.44,Air,LATAM Cargo,1,Plastic Crate,3.1,85,Export,"New York, NY"
EXP-2024-0055,Chrysanthemum,Zembla,11/6/2024,Netherlands,United States,1288,5.47,7045.36,Air,LATAM Cargo,1,Corrugated Box,1.4,89,Premium,"Miami, FL"
EXP-2024-0056,Chrysanthemum,Baltica,2/8/2024,Netherlands,United States,1243,6.75,8390.25,Air,KLM Cargo,1,Plastic Crate,2.8,91,A+,"Miami, FL"
EXP-2024-0057,Tulip,Princess Irene,9/29/2024,Netherlands,United States,669,7.22,4830.18,Sea,Hamburg Sd,12,Ventilated Box,2.6,94,Premium,"Chicago, IL"
EXP-2024-0058,Lily,Stargazer,11/21/2024,Netherlands,United States,805,5.05,4065.25,Air,Emirates SkyCargo,2,Ventilated Box,2.2,92,A,"Chicago, IL"
EXP-2024-0059,Chrysanthemum,Baltica,6/14/2024,Netherlands,United States,1008,5.66,5705.28,Air,DHL Aviation,2,Plastic Crate,4.2,92,A+,"Dallas, TX"
EXP-2024-0060,Tulip,Princess Irene,9/10/2024,Netherlands,United States,1263,7,8841,Sea,MSC,10,Sleeved Box,2.1,95,A+,"Atlanta, GA"
EXP-2024-0061,Chrysanthemum,Baltica,2/13/2024,Netherlands,United States,759,4.69,3559.71,Air,DHL Aviation,1,Plastic Crate,4,89,A+,"Los Angeles, CA"
EXP-2024-0062,Gerbera,Arielle,2/17/2024,Netherlands,United States,841,6.42,5399.22,Air,American Airlines Cargo,1,Sleeved Box,3.1,92,A+,"Los Angeles, CA"
EXP-2024-0063,Chrysanthemum,Baltica,10/8/2024,Netherlands,United States,609,5.82,3544.38,Air,DHL Aviation,2,Sleeved Box,2,93,A+,"Chicago, IL"
EXP-2024-0064,Lily,Siberia,4/8/2024,Netherlands,United States,590,6.01,3545.9,Air,DHL Aviation,1,Plastic Crate,1,88,A,"New York, NY"
EXP-2024-0065,Gerbera,Arielle,6/3/2024,Netherlands,United States,1193,7.43,8863.99,Air,DHL Aviation,1,Corrugated Box,3.8,89,A,"New York, NY"
EXP-2024-0066,Chrysanthemum,Baltica,2/22/2024,Netherlands,United States,1443,5.44,7849.92,Air,KLM Cargo,2,Corrugated Box,3.3,87,Premium,"Chicago, IL"
EXP-2024-0067,Lily,Casa Blanca,7/24/2024,Netherlands,United States,875,5.74,5022.5,Air,Emirates SkyCargo,1,Ventilated Box,0.7,92,A,"Dallas, TX"
EXP-2024-0068,Tulip,Apeldoorn,9/24/2024,Netherlands,United States,1275,4.34,5533.5,Air,DHL Aviation,1,Ventilated Box,1.5,93,Premium,"Miami, FL"
EXP-2024-0069,Gerbera,Arielle,4/16/2024,Netherlands,United States,1018,5.07,5161.26,Air,Kenya Airways Cargo,1,Plastic Crate,3,94,Export,"Miami, FL"
EXP-2024-0070,Lily,Siberia,5/29/2024,Netherlands,United States,716,5.7,4081.2,Air,American Airlines Cargo,2,Corrugated Box,0.8,85,A+,"Miami, FL"
EXP-2024-0071,Chrysanthemum,Baltica,8/5/2024,Netherlands,United States,1018,3.75,3817.5,Air,Aeromxico Cargo,1,Corrugated Box,1.4,89,Premium,"Los Angeles, CA"
EXP-2024-0072,Chrysanthemum,Pina Colada,8/12/2024,Netherlands,United States,1538,6.39,9827.82,Air,DHL Aviation,2,Corrugated Box,0.8,87,Premium,"Miami, FL"
EXP-2024-0073,Gerbera,Bolero,8/9/2024,Netherlands,United States,886,7.3,6467.8,Air,Kenya Airways Cargo,1,Sleeved Box,2.5,92,A+,"Los Angeles, CA"
EXP-2024-0074,Lily,Stargazer,8/28/2024,Netherlands,United States,1552,9,13968,Air,KLM Cargo,1,Ventilated Box,3.2,89,A+,"Los Angeles, CA"
EXP-2024-0075,Lily,Stargazer,6/19/2024,Netherlands,United States,358,7.54,2699.32,Sea,CMA CGM,13,Sleeved Box,2,86,A+,"Miami, FL"
EXP-2024-0076,Tulip,Queen of Night,6/10/2024,Netherlands,United States,1197,5.15,6164.55,Air,Aeromxico Cargo,1,Sleeved Box,4.3,93,A,"Los Angeles, CA"
EXP-2024-0077,Lily,Stargazer,8/24/2024,Netherlands,United States,925,8.46,7825.5,Sea,CMA CGM,14,Ventilated Box,2.6,85,Premium,"Miami, FL"
EXP-2024-0078,Tulip,Queen of Night,5/27/2024,Netherlands,United States,808,6.5,5252,Air,Aeromxico Cargo,1,Ventilated Box,3.5,88,A,"Miami, FL"
EXP-2024-0079,Gerbera,Jaguar,4/25/2024,Netherlands,United States,927,6.48,6006.96,Air,American Airlines Cargo,1,Corrugated Box,1.7,85,A+,"Chicago, IL"
EXP-2024-0080,Gerbera,Jaguar,9/4/2024,Netherlands,United States,447,5.74,2565.78,Air,Avianca Cargo,2,Ventilated Box,3.4,93,Premium,"Miami, FL"
EXP-2024-0081,Carnation,Tanga,7/31/2024,Kenya,United States,831,4.07,3382.17,Air,Kenya Airways Cargo,3,Sleeved Box,2.9,87,Export,"Miami, FL"
EXP-2024-0082,Hypericum,Coco Casino,8/16/2024,Kenya,United States,1017,7.43,7556.31,Air,DHL Aviation,2,Ventilated Box,2.8,95,A+,"Los Angeles, CA"
EXP-2024-0083,Hypericum,Magical Universe,10/19/2024,Kenya,United States,1506,6.09,9171.54,Air,Kenya Airways Cargo,2,Ventilated Box,1.8,88,Export,"Chicago, IL"
EXP-2024-0084,Carnation,Tanga,3/18/2024,Kenya,United States,748,5.62,4203.76,Air,Aeromxico Cargo,4,Ventilated Box,3.7,91,Export,"Miami, FL"
EXP-2024-0085,Rose,Upper Class,1/8/2024,Kenya,United States,676,9.41,6361.16,Air,Emirates SkyCargo,3,Plastic Crate,4,92,A,"New York, NY"
EXP-2024-0086,Eryngium,Blue Lagoon,12/11/2024,Kenya,United States,753,5.85,4405.05,Air,DHL Aviation,3,Ventilated Box,3.3,95,A,"Miami, FL"
EXP-2024-0087,Hypericum,Magical Pumpkin,5/27/2024,Kenya,United States,1236,7.55,9331.8,Air,Aeromxico Cargo,4,Plastic Crate,0.6,86,A,"Miami, FL"
EXP-2024-0088,Rose,Athena,5/30/2024,Kenya,United States,1007,7.5,7552.5,Sea,Maersk,18,Sleeved Box,2.4,85,A,"Los Angeles, CA"
EXP-2024-0089,Hypericum,Magical Universe,7/14/2024,Kenya,United States,745,6.48,4827.6,Air,Kenya Airways Cargo,4,Plastic Crate,3.7,87,A,"Los Angeles, CA"
EXP-2024-0090,Eryngium,Blue Lagoon,10/6/2024,Kenya,United States,1074,6.34,6809.16,Air,DHL Aviation,4,Plastic Crate,3.2,92,Export,"New York, NY"
EXP-2024-0091,Rose,Athena,4/11/2024,Kenya,United States,928,6.85,6356.8,Sea,Hamburg Sd,22,Ventilated Box,2.9,89,A+,"New York, NY"
EXP-2024-0092,Eryngium,Blue Lagoon,7/21/2024,Kenya,United States,1260,6.8,8568,Air,Emirates SkyCargo,4,Sleeved Box,4.5,89,A,"Seattle, WA"
EXP-2024-0093,Rose,Red Naomi,4/22/2024,Kenya,United States,702,9.25,6493.5,Sea,CMA CGM,23,Plastic Crate,2.8,88,Premium,"Los Angeles, CA"
EXP-2024-0094,Hypericum,Magical Pumpkin,1/18/2024,Kenya,United States,800,6.7,5360,Air,Avianca Cargo,3,Sleeved Box,4.1,95,A,"Miami, FL"
EXP-2024-0095,Carnation,Sim,9/28/2024,Kenya,United States,782,5.74,4488.68,Sea,Hapag-Lloyd,23,Sleeved Box,1.4,87,Premium,"Chicago, IL"
EXP-2024-0096,Carnation,Tanga,2/8/2024,Kenya,United States,537,6.4,3436.8,Sea,CMA CGM,25,Plastic Crate,1.6,90,Premium,"Miami, FL"
EXP-2024-0097,Carnation,Dianthus Barbatus,1/8/2024,Kenya,United States,995,6.4,6368,Air,Kenya Airways Cargo,3,Sleeved Box,3.7,90,A,"Miami, FL"
EXP-2024-0098,Rose,Athena,8/29/2024,Kenya,United States,983,8.13,7991.79,Air,DHL Aviation,2,Corrugated Box,3.8,90,A,"Miami, FL"
EXP-2024-0099,Hypericum,Magical Pumpkin,3/12/2024,Kenya,United States,899,6.72,6041.28,Air,LATAM Cargo,2,Corrugated Box,2.4,89,Premium,"Miami, FL"
EXP-2024-0100,Rose,Explorer,12/9/2024,Kenya,United States,827,5.94,4912.38,Sea,Maersk,23,Ventilated Box,2.8,87,A+,"Seattle, WA"
EXP-2024-0101,Carnation,Tanga,4/21/2024,Kenya,United States,547,5.35,2926.45,Air,Aeromxico Cargo,3,Ventilated Box,4.3,89,A,"Chicago, IL"
EXP-2024-0102,Eryngium,Blue Lagoon,5/21/2024,Kenya,United States,774,8.42,6517.08,Air,LATAM Cargo,3,Plastic Crate,2,95,A+,"New York, NY"
EXP-2024-0103,Rose,Athena,5/4/2024,Kenya,United States,796,8.39,6678.44,Air,American Airlines Cargo,3,Plastic Crate,2.9,85,A,"Miami, FL"
EXP-2024-0104,Carnation,Sim,11/1/2024,Kenya,United States,678,5.26,3566.28,Air,American Airlines Cargo,2,Corrugated Box,3.8,88,A,"Miami, FL"
EXP-2024-0105,Hypericum,Coco Casino,1/8/2024,Kenya,United States,848,5.38,4562.24,Sea,Hamburg Sd,20,Sleeved Box,1.3,95,Export,"Miami, FL"
EXP-2024-0106,Carnation,Dianthus Barbatus,2/2/2024,Kenya,United States,1034,4.3,4446.2,Air,Avianca Cargo,4,Ventilated Box,1,91,A+,"Miami, FL"
EXP-2024-0107,Eryngium,Big Blue,9/23/2024,Kenya,United States,1737,6.31,10960.47,Air,LATAM Cargo,4,Sleeved Box,1.4,94,A,"Los Angeles, CA"
EXP-2024-0108,Eryngium,Blue Lagoon,2/7/2024,Kenya,United States,954,7.89,7527.06,Air,Aeromxico Cargo,3,Corrugated Box,2.2,86,A+,"New York, NY"
EXP-2024-0109,Hypericum,Magical Pumpkin,11/1/2024,Kenya,United States,982,5.46,5361.72,Air,Avianca Cargo,3,Sleeved Box,3,93,Premium,"New York, NY"
EXP-2024-0110,Eryngium,Big Blue,8/8/2024,Kenya,United States,874,7.91,6913.34,Air,LATAM Cargo,2,Ventilated Box,3.1,93,Premium,"Miami, FL"
EXP-2024-0111,Carnation,Tanga,5/10/2024,Kenya,United States,458,4.7,2152.6,Air,Aeromxico Cargo,4,Sleeved Box,3.4,90,A+,"Seattle, WA"
EXP-2024-0112,Carnation,Dianthus Barbatus,3/7/2024,Kenya,United States,889,3.77,3351.53,Sea,Maersk,23,Corrugated Box,1.2,91,A,"New York, NY"
EXP-2024-0113,Hypericum,Magical Pumpkin,1/27/2024,Kenya,United States,916,7.56,6924.96,Air,Emirates SkyCargo,4,Sleeved Box,4.3,91,Export,"Los Angeles, CA"
EXP-2024-0114,Hypericum,Magical Universe,7/7/2024,Kenya,United States,2126,5.04,10715.04,Air,American Airlines Cargo,4,Corrugated Box,2.4,86,A+,"New York, NY"
EXP-2024-0115,Hypericum,Magical Pumpkin,10/12/2024,Kenya,United States,839,7.46,6258.94,Air,Kenya Airways Cargo,4,Corrugated Box,4.4,94,Premium,"Miami, FL"
EXP-2024-0116,Hypericum,Coco Casino,12/2/2024,Kenya,United States,997,7.73,7706.81,Air,DHL Aviation,4,Ventilated Box,1.9,87,Export,"Miami, FL"
EXP-2024-0117,Rose,Upper Class,3/21/2024,Kenya,United States,887,5.91,5242.17,Air,KLM Cargo,3,Sleeved Box,2.6,91,A+,"Miami, FL"
EXP-2024-0118,Hypericum,Magical Pumpkin,5/19/2024,Kenya,United States,596,7.59,4523.64,Air,LATAM Cargo,2,Ventilated Box,1.1,94,A,"Chicago, IL"
EXP-2024-0119,Eryngium,Big Blue,5/25/2024,Kenya,United States,1339,5.59,7485.01,Air,Kenya Airways Cargo,2,Ventilated Box,3.5,86,A,"Miami, FL"
EXP-2024-0120,Hypericum,Coco Casino,5/28/2024,Kenya,United States,1168,4.53,5291.04,Air,KLM Cargo,3,Sleeved Box,1.7,88,Premium,"Miami, FL"
EXP-2024-0121,Marigold,Cempaschil,2/6/2024,Mexico,United States,1184,2.94,3480.96,Air,Kenya Airways Cargo,2,Ventilated Box,2,88,A+,"Miami, FL"
EXP-2024-0122,Marigold,Taishan Orange,5/28/2024,Mexico,United States,653,4.66,3042.98,Air,LATAM Cargo,2,Corrugated Box,2.8,94,A+,"Miami, FL"
EXP-2024-0123,Lily,Asiatic Orange,5/4/2024,Mexico,United States,1467,8.21,12044.07,Sea,MSC,3,Ventilated Box,2.2,90,A,"Dallas, TX"
EXP-2024-0124,Lily,Oriental White,9/28/2024,Mexico,United States,549,7.98,4381.02,Air,DHL Aviation,1,Plastic Crate,1.4,87,A,"New York, NY"
EXP-2024-0125,Chrysanthemum,Anastasia,12/1/2024,Mexico,United States,1102,4.33,4771.66,Sea,MSC,4,Corrugated Box,1.3,88,A,"Los Angeles, CA"
EXP-2024-0126,Rose,Cherry Brandy,11/17/2024,Mexico,United States,1932,8.57,16557.24,Air,Aeromxico Cargo,2,Sleeved Box,4,95,Premium,"Miami, FL"
EXP-2024-0127,Rose,Vendela,6/7/2024,Mexico,United States,634,8.34,5287.56,Air,Aeromxico Cargo,1,Ventilated Box,3.7,94,A,"Los Angeles, CA"
EXP-2024-0128,Lily,Asiatic Orange,8/24/2024,Mexico,United States,736,5.31,3908.16,Air,DHL Aviation,2,Corrugated Box,4,86,Premium,"Los Angeles, CA"
EXP-2024-0129,Lily,Oriental White,12/31/2024,Mexico,United States,929,7.42,6893.18,Sea,Hapag-Lloyd,5,Corrugated Box,2,85,A+,"Miami, FL"
EXP-2024-0130,Rose,Avalanche,5/24/2024,Mexico,United States,752,9.96,7489.92,Air,Aeromxico Cargo,2,Ventilated Box,2.6,94,A,"Miami, FL"
EXP-2024-0131,Lily,LA Hybrid Yellow,12/13/2024,Mexico,United States,521,8.16,4251.36,Sea,Maersk,7,Ventilated Box,2.3,86,A,"Miami, FL"
EXP-2024-0132,Chrysanthemum,Anastasia,6/7/2024,Mexico,United States,919,6.56,6028.64,Sea,Hamburg Sd,5,Ventilated Box,1.7,94,Premium,"New York, NY"
EXP-2024-0133,Rose,Cherry Brandy,2/17/2024,Mexico,United States,619,6.89,4264.91,Sea,Maersk,7,Ventilated Box,1.8,90,Premium,"New York, NY"
EXP-2024-0134,Chrysanthemum,Yoko Ono,3/20/2024,Mexico,United States,1059,6.83,7232.97,Air,Avianca Cargo,1,Corrugated Box,1.9,92,A,"Miami, FL"
EXP-2024-0135,Chrysanthemum,Yoko Ono,3/19/2024,Mexico,United States,650,5.82,3783,Air,KLM Cargo,2,Plastic Crate,4,94,A,"Miami, FL"
EXP-2024-0136,Rose,Cherry Brandy,8/15/2024,Mexico,United States,1544,8.75,13510,Sea,MSC,4,Sleeved Box,1.1,90,Premium,"New York, NY"
EXP-2024-0137,Lily,Asiatic Orange,8/24/2024,Mexico,United States,682,8.86,6042.52,Air,DHL Aviation,2,Sleeved Box,3.6,88,A+,"Los Angeles, CA"
EXP-2024-0138,Lily,Oriental White,11/24/2024,Mexico,United States,802,8.27,6632.54,Air,Avianca Cargo,1,Ventilated Box,3.7,87,Export,"Dallas, TX"
EXP-2024-0139,Chrysanthemum,Reagan,3/16/2024,Mexico,United States,1193,6.48,7730.64,Sea,Hamburg Sd,7,Ventilated Box,1.6,87,A,"New York, NY"
EXP-2024-0140,Marigold,Cempaschil,7/16/2024,Mexico,United States,583,4.83,2815.89,Sea,Hapag-Lloyd,4,Corrugated Box,1.8,91,A+,"Miami, FL"
EXP-2024-0141,Chrysanthemum,Yoko Ono,8/29/2024,Mexico,United States,972,6.44,6259.68,Air,LATAM Cargo,2,Plastic Crate,3.1,87,A,"Miami, FL"
EXP-2024-0142,Lily,LA Hybrid Yellow,9/27/2024,Mexico,United States,1418,5.08,7203.44,Sea,Maersk,7,Ventilated Box,1.4,87,A+,"New York, NY"
EXP-2024-0143,Marigold,Taishan Orange,9/12/2024,Mexico,United States,511,2.62,1338.82,Air,LATAM Cargo,1,Corrugated Box,2.2,94,A+,"Miami, FL"
EXP-2024-0144,Rose,Cherry Brandy,9/25/2024,Mexico,United States,957,5.51,5273.07,Air,Kenya Airways Cargo,1,Sleeved Box,1.9,94,A+,"Los Angeles, CA"
EXP-2024-0145,Marigold,Antigua Orange,5/9/2024,Mexico,United States,983,3.48,3420.84,Air,KLM Cargo,2,Corrugated Box,2.4,95,A+,"Atlanta, GA"
EXP-2024-0146,Chrysanthemum,Yoko Ono,10/6/2024,Mexico,United States,1180,6.2,7316,Air,LATAM Cargo,2,Sleeved Box,3.4,90,A,"Los Angeles, CA"
EXP-2024-0147,Rose,Cherry Brandy,1/19/2024,Mexico,United States,582,8.34,4853.88,Air,Aeromxico Cargo,2,Sleeved Box,3.7,86,Premium,"Miami, FL"
EXP-2024-0148,Rose,Avalanche,8/30/2024,Mexico,United States,565,6.92,3909.8,Sea,Maersk,7,Sleeved Box,1.6,91,Export,"New York, NY"
EXP-2024-0149,Marigold,Antigua Orange,7/7/2024,Mexico,United States,1077,4.66,5018.82,Air,Emirates SkyCargo,1,Ventilated Box,0.7,95,A,"Los Angeles, CA"
EXP-2024-0150,Lily,Oriental White,2/12/2024,Mexico,United States,996,6.36,6334.56,Air,Kenya Airways Cargo,2,Ventilated Box,1.2,92,A+,"Los Angeles, CA"
EXP-2024-0151,Marigold,Taishan Orange,6/5/2024,Mexico,United States,980,3.86,3782.8,Sea,MSC,5,Ventilated Box,1.6,86,A,"Atlanta, GA"
EXP-2024-0152,Lily,Asiatic Orange,5/20/2024,Mexico,United States,1013,6.79,6878.27,Sea,Hapag-Lloyd,6,Corrugated Box,2.5,90,Premium,"Miami, FL"
EXP-2024-0153,Marigold,Antigua Orange,11/7/2024,Mexico,United States,707,3.78,2672.46,Sea,Hapag-Lloyd,4,Ventilated Box,2.5,87,Export,"Seattle, WA"
EXP-2024-0154,Marigold,Cempaschil,7/8/2024,Mexico,United States,973,3.41,3317.93,Air,Emirates SkyCargo,2,Sleeved Box,4.3,85,Premium,"Atlanta, GA"
EXP-2024-0155,Lily,Asiatic Orange,4/5/2024,Mexico,United States,994,6.59,6550.46,Air,Emirates SkyCargo,1,Ventilated Box,3.1,88,Export,"Miami, FL"
EXP-2024-0156,Lily,Oriental White,4/12/2024,Mexico,United States,699,7.82,5466.18,Air,DHL Aviation,2,Corrugated Box,1.4,94,A,"Miami, FL"
EXP-2024-0157,Rose,Avalanche,10/8/2024,Mexico,United States,1725,9.99,17232.75,Air,Aeromxico Cargo,1,Sleeved Box,3.7,90,Premium,"Miami, FL"
EXP-2024-0158,Chrysanthemum,Yoko Ono,5/1/2024,Mexico,United States,1059,6.28,6650.52,Sea,MSC,4,Ventilated Box,2,86,Export,"Miami, FL"
EXP-2024-0159,Marigold,Taishan Orange,2/3/2024,Mexico,United States,591,3.67,2168.97,Air,Emirates SkyCargo,1,Sleeved Box,4.4,87,Premium,"Miami, FL"
EXP-2024-0160,Lily,Oriental White,11/24/2024,Mexico,United States,1129,6.64,7496.56,Sea,Hamburg Sd,5,Corrugated Box,1.8,94,A,"New York, NY"
